show_id,type,title,director,cast,country,date_added,release_year,rating,duration,listed_in,description
s1,Movie,Beyond the Infinite 1,Alfonso Cuarón,"Nawazuddin Siddiqui, Robert De Niro",,"December 21, 2019",2015,TV-G,112 min,"Independent Movies, Dramas",An insightful documentary uncovering the hidden truths behind an extraordinary global phenomenon.
s2,Movie,The Forgotten Realm 2,Greta Gerwig,"Christian Bale, Cate Blanchett, Priyanka Chopra, Michael B. Jordan","France, Germany","September 4, 2023",2015,NR,98 min,"Children & Family Movies, Comedies","A witty and satirical look at modern society, ambition, and the pursuit of artistic success."
s3,TV Show,Arcane Legends 3,,,Australia,"May 15, 2022",1983,TV-PG,1 Season,"Spanish-Language TV Shows, TV Dramas",An insightful documentary uncovering the hidden truths behind an extraordinary global phenomenon.
s4,Movie,The Quantum Paradox 4,Jordan Peele,"Joaquin Phoenix, Marion Cotillard, Mahershala Ali, Denzel Washington, Robert De Niro",Italy,"April 21, 2021",2018,TV-G,116 min,"Action & Adventure, Sci-Fi & Fantasy",An insightful documentary uncovering the hidden truths behind an extraordinary global phenomenon.
s5,TV Show,Vikings: Valhalla Journey 5,,"Deepika Padukone, Marion Cotillard, Morgan Freeman, Ken Watanabe, Cate Blanchett",Canada,"October 3, 2022",2017,TV-Y7,1 Season,"British TV Shows, Docuseries","A gripping tale of mystery, betrayal, and redemption set against an evocative urban backdrop."
s6,Movie,The Last Renaissance 6,Chloe Zhao,,Nigeria,"September 4, 2019",2019,NR,135 min,"Independent Movies, Dramas","In this thrilling sci-fi adventure, intrepid explorers venture beyond known physical limits."
s7,TV Show,Vikings: Valhalla Journey 7,Christopher Nolan,"Meryl Streep, Scarlett Johansson, Deepika Padukone, Ryan Gosling, Daniel Day-Lewis",,"February 25, 2023",1982,TV-G,1 Season,"British TV Shows, Docuseries","A heartwarming story exploring the delicate bonds of family, friendship, and cultural identity."
s8,TV Show,Heartstopper Chronicles 8,James Cameron,"Deepika Padukone, Bae Doona, Scarlett Johansson, Daniel Day-Lewis, Marion Cotillard",,"January 3, 2019",2018,TV-MA,3 Seasons,"Anime Series, International TV Shows","When a sudden crisis threatens everything they know, an unlikely group must unite to survive."
s9,Movie,The Hidden Code 9,,"Daniel Day-Lewis, Gong Yoo, Irfan Khan, Song Kang-ho, Christian Bale",China,"December 2, 2023",2021,TV-MA,96 min,"Dramas, International Movies",Laughter and romance collide when two polar opposites are forced to collaborate on a dream project.
s10,TV Show,Mindful Hunters 10,,"Morgan Freeman, Nawazuddin Siddiqui, Amitabh Bachchan, Joaquin Phoenix, Lee Jung-jae",United Kingdom,"November 18, 2016",2016,NR,3 Seasons,"TV Comedies, Romantic TV Shows",Laughter and romance collide when two polar opposites are forced to collaborate on a dream project.
s11,Movie,Tides of Fortune 11,Christopher Nolan,"Lee Jung-jae, Emma Stone, Nawazuddin Siddiqui, Ken Watanabe",Australia,"December 11, 2016",2015,NR,96 min,"Dramas, Independent Movies","Set in a dystopian future, a rebellious visionary fights against an oppressive techno-corporation."
s12,TV Show,Narcos: Empires 12,"David Fincher, Jordan Peele","Robert De Niro, Cate Blanchett, Irfan Khan","India, United States","November 23, 2019",2019,TV-14,2 Seasons,"TV Action & Adventure, Sci-Fi & Fantasy",A visually stunning examination of the natural world and the delicate ecosystems sustaining life.
s13,TV Show,  The Witcher's Tale 13  ,,"Brad Pitt, Penélope Cruz",France,"May 6, 2021",1987,TV-PG,1 Season,"Spanish-Language TV Shows, TV Dramas","Set in a dystopian future, a rebellious visionary fights against an oppressive techno-corporation."
s14,TV Show,Vincenzo's Vendetta 14,"Alfonso Cuarón, Taika Waititi",,"United Kingdom, United States","December 11, 2019",2019,TV-PG,1 Season,"TV Action & Adventure, Sci-Fi & Fantasy","A gripping tale of mystery, betrayal, and redemption set against an evocative urban backdrop."
s15,Movie,The Silver Lining,,"Viola Davis, Shah Rukh Khan, Bae Doona",China,"December 5, 2017",2016,NR,136 min,"Action & Adventure, Sci-Fi & Fantasy",Laughter and romance collide when two polar opposites are forced to collaborate on a dream project.
s16,Movie,The Last Frontier 1,Jordan Peele,"Irfan Khan, Tom Hanks, Daniel Day-Lewis, Shah Rukh Khan",Japan,"July 26, 2021",2011,R,118 min,"Children & Family Movies, Comedies","A heartwarming story exploring the delicate bonds of family, friendship, and cultural identity."
s17,Movie,Chronicles of the Lost City 2,Satyajit Ray,"Marion Cotillard, Meryl Streep, Song Kang-ho",Spain,"November 17, 2021",1988,NR,91 min,"Thrillers, International Movies","A gripping tale of mystery, betrayal, and redemption set against an evocative urban backdrop."
s18,TV Show,Kingdom of Shadows 3,,"Christian Bale, Nawazuddin Siddiqui",Mexico,"October 7, 2022",2016,TV-MA,1 Season,"British TV Shows, Docuseries","A witty and satirical look at modern society, ambition, and the pursuit of artistic success."
s19,TV Show,Too Hot to Touch 4,,"Mahershala Ali, Scarlett Johansson, Ryan Gosling, Irfan Khan","South Korea, United States","July 22, 2019",2017,TV-14,1 Season,"TV Action & Adventure, Sci-Fi & Fantasy",Laughter and romance collide when two polar opposites are forced to collaborate on a dream project.
s20,Movie,Under the Tuscan Stars 5,,"Lee Jung-jae, Bae Doona, Penélope Cruz, Gong Yoo","Australia, United States","September 22, 2020",2016,R,113 min,Music & Musicals,An insightful documentary uncovering the hidden truths behind an extraordinary global phenomenon.
s21,Movie,Beyond the Infinite 6,,"Lee Jung-jae, Irfan Khan","India, United States","July 8, 2023",2021,TV-MA,91 min,"Documentaries, Sports Movies",Laughter and romance collide when two polar opposites are forced to collaborate on a dream project.
s22,TV Show,Making a Murderer Files 7,,,Canada,"August 20, 2022",2022,TV-Y7,3 Seasons,"British TV Shows, Docuseries",A visually stunning examination of the natural world and the delicate ecosystems sustaining life.
s23,TV Show,Dead to Me Truths 8,,"Ken Watanabe, Daniel Day-Lewis, Joaquin Phoenix, Bae Doona",,"June 18, 2021",2019,TV-Y7,2 Seasons,Stand-Up Comedy & Talk Shows,"In this thrilling sci-fi adventure, intrepid explorers venture beyond known physical limits."
s24,Movie,Chronicles of Mars 9,"Akira Kurosawa, Ava DuVernay","Priyanka Chopra, Gong Yoo",,"September 24, 2022",2021,R,91 min,"Horror Movies, Thrillers","In this thrilling sci-fi adventure, intrepid explorers venture beyond known physical limits."
s25,Movie,Flight Across the Atlantic 10,Stanley Kubrick,"Morgan Freeman, Meryl Streep, Aamir Khan, Cate Blanchett, Nawazuddin Siddiqui",Nigeria,"June 7, 2022",2019,G,107 min,"Children & Family Movies, Comedies",Laughter and romance collide when two polar opposites are forced to collaborate on a dream project.
s26,Movie,Shadows of the Valley 11,"Pedro Almodóvar, Spike Lee","Meryl Streep, Daniel Day-Lewis",United States,"August 22, 2018",2018,TV-G,59 min,"Anime Features, International Movies",An insightful documentary uncovering the hidden truths behind an extraordinary global phenomenon.
s27,Movie,Symphony of Lights 12,Wes Anderson,"Meryl Streep, Ryan Gosling",Italy,"October 23, 2018",2018,TV-14,64 min,"Action & Adventure, Comedies","A witty and satirical look at modern society, ambition, and the pursuit of artistic success."
s28,Movie,The Copper Basin 13,Federico Fellini,"Lupita Nyong'o, Leonardo DiCaprio","United States, United Kingdom","December 5, 2023",2020,TV-14,89 min,"Independent Movies, Dramas","Set in a dystopian future, a rebellious visionary fights against an oppressive techno-corporation."
s29,Movie,The Sapphire Shore 14,Jordan Peele,"Joaquin Phoenix, Bae Doona",Nigeria,"January 16, 2021",2021,R,79 min,"Thrillers, International Movies",An insightful documentary uncovering the hidden truths behind an extraordinary global phenomenon.
s30,TV Show,Making a Murderer Files,James Cameron,,"United States, United Kingdom","November 23, 2023",2018,TV-MA,1 Season,"Docuseries, Science & Nature TV",Dark secrets resurface when a long-forgotten cold case is reopened by ambitious young investigators.
s31,Movie,Visions of Tomorrow 1,Federico Fellini,"Michael B. Jordan, Lee Jung-jae, Joaquin Phoenix, Ryan Gosling",Canada,"December 18, 2020",2020,R,108 min,Documentaries,Dark secrets resurface when a long-forgotten cold case is reopened by ambitious young investigators.
s32,TV Show,Rotten Truths 2,,"Song Kang-ho, Emma Stone",Japan,"January 2, 2020",2017,TV-14,1 Season,"Reality TV, Romance TV","When a sudden crisis threatens everything they know, an unlikely group must unite to survive."
s33,Movie,The Golden Harvest 3,Quentin Tarantino,"Scarlett Johansson, Brad Pitt, Aamir Khan, Ken Watanabe, Denzel Washington","India, United States","September 25, 2017",2003,R,82 min,"Documentaries, Sports Movies","Set in a dystopian future, a rebellious visionary fights against an oppressive techno-corporation."
s34,TV Show,Vincenzo's Vendetta 4,Park Chan-wook,"Christian Bale, Penélope Cruz",Spain,"March 18, 2019",2017,,1 Season,"Korean TV Shows, TV Dramas",A visually stunning examination of the natural world and the delicate ecosystems sustaining life.
s35,Movie,Midnight in Mumbai 5,,"Marion Cotillard, Viola Davis","Spain, France","February 18, 2022",2018,TV-14,70 min,"Action & Adventure, Comedies","A heartwarming story exploring the delicate bonds of family, friendship, and cultural identity."
s36,Movie,Rhythms of Havana 6,Anurag Kashyap,"Ryan Gosling, Aamir Khan, Joaquin Phoenix, Ken Watanabe, Bae Doona",India,"January 3, 2020",1999,PG-13,134 min,"Documentaries, Sports Movies","A witty and satirical look at modern society, ambition, and the pursuit of artistic success."
s37,Movie,Echoes of Freedom 7,Jean-Luc Godard,"Nawazuddin Siddiqui, Ken Watanabe, Cate Blanchett",China,"June 14, 2018",2016,G,97 min,"Action & Adventure, Comedies","Set in a dystopian future, a rebellious visionary fights against an oppressive techno-corporation."
s38,Movie,Breeze of the Himalayas 8,Stanley Kubrick,"Lee Jung-jae, Irfan Khan",,"January 7, 2023",2022,TV-14,103 min,"Horror Movies, Thrillers",Dark secrets resurface when a long-forgotten cold case is reopened by ambitious young investigators.
s39,Movie,The Forgotten Kingdom 9,Wes Anderson,"Irfan Khan, Cate Blanchett",Canada,"August 23, 2018",2016,G,70 min,"Action & Adventure, Comedies",A visually stunning examination of the natural world and the delicate ecosystems sustaining life.
s40,Movie,The Deep Blue 10,,"Brad Pitt, Joaquin Phoenix, Irfan Khan","United States, Canada","December 10, 2020",2015,TV-G,90 min,"Action & Adventure, Comedies","A heartwarming story exploring the delicate bonds of family, friendship, and cultural identity."
s41,Movie,The Art of Escape 11,Satyajit Ray,"Daniel Day-Lewis, Priyanka Chopra, Marion Cotillard",China,"July 22, 2022",2022,PG,104 min,"Horror Movies, Thrillers","A gripping tale of mystery, betrayal, and redemption set against an evocative urban backdrop."
s42,TV Show,The Last Kingdom Saga 12,Jean-Luc Godard,,United States,"February 16, 2021",2021,TV-Y,2 Seasons,"Spanish-Language TV Shows, TV Dramas","When a sudden crisis threatens everything they know, an unlikely group must unite to survive."
s43,TV Show,Delhi Crime Files 13,,"Robert De Niro, Brad Pitt, Daniel Day-Lewis, Emma Stone, Marion Cotillard",China,"March 23, 2023",1983,TV-PG,2 Seasons,"TV Action & Adventure, Sci-Fi & Fantasy",A brilliant detective unravels a complex web of deceit in this high-stakes psychological drama.
s44,Movie,Underground Symphony 14,Ridley Scott,"Priyanka Chopra, Daniel Day-Lewis","India, United States","August 9, 2022",2022,TV-G,76 min,"Dramas, Independent Movies",An insightful documentary uncovering the hidden truths behind an extraordinary global phenomenon.
s45,Movie,The Mountain's Call,Park Chan-wook,"Viola Davis, Lee Jung-jae, Ryan Gosling, Song Kang-ho, Priyanka Chopra",Canada,"December 10, 2020",2020,G,110 min,"Children & Family Movies, Comedies","A gripping tale of mystery, betrayal, and redemption set against an evocative urban backdrop."
s46,Movie,Legends of the Amazon 1,Zoya Akhtar,"Marion Cotillard, Michael B. Jordan, Song Kang-ho, Viola Davis","Australia, United States","November 21, 2017",1984,PG-13,88 min,"Independent Movies, Dramas",A brilliant detective unravels a complex web of deceit in this high-stakes psychological drama.
s47,Movie,Ghosts of the Metropolis 2,James Cameron,"Joaquin Phoenix, Shah Rukh Khan, Viola Davis, Gong Yoo",Australia,"August 3, 2020",2020,G,95 min,"Action & Adventure, Comedies","Set in a dystopian future, a rebellious visionary fights against an oppressive techno-corporation."
s48,TV Show,Stranger Encounters 3,,"Viola Davis, Priyanka Chopra, Deepika Padukone, Christian Bale","United States, United Kingdom","November 3, 2020",2020,TV-G,1 Season,"Docuseries, Science & Nature TV","When a sudden crisis threatens everything they know, an unlikely group must unite to survive."
s49,TV Show,Vincenzo's Vendetta 4,"Jordan Peele, Alfonso Cuarón","Irfan Khan, Tom Hanks, Christian Bale, Ken Watanabe",Spain,"August 15, 2020",2020,TV-MA,6 Seasons,"Anime Series, International TV Shows","Set in a dystopian future, a rebellious visionary fights against an oppressive techno-corporation."
s50,Movie,  Starlight Symphony 5  ,Guillermo del Toro,"Cate Blanchett, Penélope Cruz, Meryl Streep, Denzel Washington, Lupita Nyong'o",France,"October 7, 2019",2013,PG,88 min,"Documentaries, Sports Movies","An inspiring true-life account of resilience, courage, and triumph against overwhelming odds."
s51,TV Show,The Umbrella Society 6,Ridley Scott,,France,"January 6, 2021",2018,TV-Y7,1 Season,Stand-Up Comedy & Talk Shows,"When a sudden crisis threatens everything they know, an unlikely group must unite to survive."
s52,TV Show,Never Have I Ever Known 7,,"Robert De Niro, Ryan Gosling, Lee Jung-jae",United States,"July 22, 2022",2022,TV-Y7,1 Season,"Crime TV Shows, Docuseries",A brilliant detective unravels a complex web of deceit in this high-stakes psychological drama.
s53,Movie,The Silver Lining 8,Alejandro G. Iñárritu,"Lee Jung-jae, Nawazuddin Siddiqui, Christian Bale, Scarlett Johansson","Spain, France","July 15, 2019",2013,TV-G,142 min,Stand-Up Comedy,Laughter and romance collide when two polar opposites are forced to collaborate on a dream project.
s54,Movie,The Obsidian Tower 9,Greta Gerwig,"Brad Pitt, Cate Blanchett, Nawazuddin Siddiqui, Christian Bale, Deepika Padukone","United Kingdom, United States","July 12, 2020",2020,G,101 min,"Action & Adventure, Comedies",Dark secrets resurface when a long-forgotten cold case is reopened by ambitious young investigators.
s55,Movie,Rhythms of Havana 10,Hayao Miyazaki,"Marion Cotillard, Christian Bale, Michael B. Jordan, Deepika Padukone, Scarlett Johansson","India, United States","October 22, 2021",2021,PG,78 min,"Children & Family Movies, Comedies",Dark secrets resurface when a long-forgotten cold case is reopened by ambitious young investigators.
s56,TV Show,Manifest Destiny 11,,"Brad Pitt, Tom Hanks, Meryl Streep, Cate Blanchett, Penélope Cruz",Nigeria,"December 11, 2020",2020,TV-MA,3 Seasons,"TV Comedies, Romantic TV Shows","A heartwarming story exploring the delicate bonds of family, friendship, and cultural identity."
s57,Movie,Whispers in the Wind 12,,"Bae Doona, Irfan Khan, Joaquin Phoenix, Penélope Cruz, Scarlett Johansson",Canada,"January 8, 2022",2022,PG-13,120 min,Documentaries,An insightful documentary uncovering the hidden truths behind an extraordinary global phenomenon.
s58,TV Show,Rotten Truths 13,,"Ken Watanabe, Nawazuddin Siddiqui",Italy,"February 13, 2021",2018,TV-MA,1 Season,"Crime TV Shows, Docuseries",A brilliant detective unravels a complex web of deceit in this high-stakes psychological drama.
s59,Movie,Midnight in Mumbai 14,Stanley Kubrick,,"France, Germany","July 28, 2020",2020,G,75 min,"Classic Movies, Dramas","When a sudden crisis threatens everything they know, an unlikely group must unite to survive."
s60,Movie,Secrets of the Serengeti,,"Scarlett Johansson, Song Kang-ho",Brazil,"February 5, 2019",2017,PG,106 min,"Documentaries, Sports Movies","A witty and satirical look at modern society, ambition, and the pursuit of artistic success."
s61,TV Show,The Great British Bake 1,,"Mahershala Ali, Tom Hanks, Bae Doona, Brad Pitt, Gong Yoo",Australia,"May 15, 2017",2005,NR,1 Season,"Spanish-Language TV Shows, TV Dramas","When a sudden crisis threatens everything they know, an unlikely group must unite to survive."
s62,Movie,Sunset Boulevard Memories 2,Steven Spielberg,"Mahershala Ali, Gong Yoo, Tom Hanks",Nigeria,"September 21, 2020",2020,TV-G,58 min,"Horror Movies, Thrillers","Set in a dystopian future, a rebellious visionary fights against an oppressive techno-corporation."
s63,Movie,Visions of Tomorrow 3,Chloe Zhao,"Lupita Nyong'o, Brad Pitt","United Kingdom, United States","December 28, 2020",2019,PG,72 min,"Thrillers, International Movies","When a sudden crisis threatens everything they know, an unlikely group must unite to survive."
s64,Movie,The Celestial Sphere 4,Stanley Kubrick,"Ryan Gosling, Priyanka Chopra",Mexico,"November 22, 2017",1996,TV-PG,106 min,"Children & Family Movies, Comedies","A heartwarming story exploring the delicate bonds of family, friendship, and cultural identity."
s65,Movie,The Midnight Train 5,Alfonso Cuarón,"Christian Bale, Robert De Niro, Lupita Nyong'o, Morgan Freeman",France,"January 14, 2023",2017,TV-G,118 min,"Independent Movies, Dramas",An insightful documentary uncovering the hidden truths behind an extraordinary global phenomenon.
s66,TV Show,Squid Arena 6,,"Song Kang-ho, Deepika Padukone, Bae Doona, Lee Jung-jae, Emma Stone","United States, Canada","October 5, 2019",2017,TV-Y7,3 Seasons,"British TV Shows, Docuseries","When a sudden crisis threatens everything they know, an unlikely group must unite to survive."
s67,Movie,Iron Will 7,,"Bae Doona, Tom Hanks, Nawazuddin Siddiqui, Cate Blanchett",Germany,"January 13, 2022",1980,TV-MA,105 min,"Thrillers, International Movies","In this thrilling sci-fi adventure, intrepid explorers venture beyond known physical limits."
s68,TV Show,Sacred Games of Bombay 8,,"Morgan Freeman, Robert De Niro, Emma Stone","United States, United Kingdom",,2017,TV-PG,1 Season,"TV Comedies, Romantic TV Shows","Set in a dystopian future, a rebellious visionary fights against an oppressive techno-corporation."
s69,Movie,The Phantom Lighthouse 9,,"Scarlett Johansson, Denzel Washington, Daniel Day-Lewis, Irfan Khan","France, Germany",,2016,R,99 min,"Anime Features, International Movies","A heartwarming story exploring the delicate bonds of family, friendship, and cultural identity."
s70,Movie,Song of the Prairie 10,,"Deepika Padukone, Brad Pitt","United Kingdom, United States","August 2, 2022",2015,TV-14,95 min,"Anime Features, International Movies","A gripping tale of mystery, betrayal, and redemption set against an evocative urban backdrop."
s71,Movie,A Journey Through Time 11,Chloe Zhao,"Lupita Nyong'o, Amitabh Bachchan, Lee Jung-jae, Gong Yoo",France,"May 7, 2022",2022,PG-13,69 min,"Thrillers, International Movies",An insightful documentary uncovering the hidden truths behind an extraordinary global phenomenon.
s72,TV Show,Vikings: Valhalla Journey 12,,,Australia,"May 4, 2021",2015,TV-Y7,2 Seasons,"Docuseries, Science & Nature TV",A brilliant detective unravels a complex web of deceit in this high-stakes psychological drama.
s73,Movie,Wings of Steel 13,S. S. Rajamouli,"Cate Blanchett, Nawazuddin Siddiqui, Amitabh Bachchan, Emma Stone, Mahershala Ali",Mexico,"October 23, 2023",2019,TV-PG,86 min,"Horror Movies, Thrillers","A gripping tale of mystery, betrayal, and redemption set against an evocative urban backdrop."
s74,TV Show,Planet Earth Chronicles 14,Quentin Tarantino,,Brazil,"March 28, 2017",2017,TV-MA,1 Season,"Kids' TV, TV Comedies","A witty and satirical look at modern society, ambition, and the pursuit of artistic success."
s75,Movie,The Copper Basin,,"Deepika Padukone, Bae Doona, Brad Pitt, Morgan Freeman, Aamir Khan",Spain,"December 6, 2016",2016,NR,91 min,"Comedies, Romantic Movies",An insightful documentary uncovering the hidden truths behind an extraordinary global phenomenon.
s76,TV Show,The Queen's Checkmate 1,Zoya Akhtar,"Brad Pitt, Bae Doona, Amitabh Bachchan",Nigeria,"December 3, 2021",1990,TV-PG,3 Seasons,Stand-Up Comedy & Talk Shows,Dark secrets resurface when a long-forgotten cold case is reopened by ambitious young investigators.
s77,Movie,The Alabaster Box 2,"James Cameron, Alfonso Cuarón","Meryl Streep, Deepika Padukone, Lee Jung-jae, Morgan Freeman, Cate Blanchett",,"July 27, 2022",2022,TV-PG,125 min,Music & Musicals,"When a sudden crisis threatens everything they know, an unlikely group must unite to survive."
s78,Movie,The Celestial Sphere 3,,"Morgan Freeman, Nawazuddin Siddiqui, Denzel Washington","United States, Canada","June 23, 2018",2017,NR,109 min,"Dramas, Independent Movies",An insightful documentary uncovering the hidden truths behind an extraordinary global phenomenon.
s79,Movie,Shadows in the Mist 4,Park Chan-wook,"Shah Rukh Khan, Tom Hanks","France, Germany","January 3, 2020",2020,TV-14,63 min,Music & Musicals,"In this thrilling sci-fi adventure, intrepid explorers venture beyond known physical limits."
s80,Movie,Shadows in the Mist 5,,"Ryan Gosling, Gong Yoo, Daniel Day-Lewis, Aamir Khan",United Kingdom,"July 16, 2023",2017,PG,109 min,"Thrillers, International Movies",Dark secrets resurface when a long-forgotten cold case is reopened by ambitious young investigators.
s81,TV Show,Manifest Destiny 6,"Damien Chazelle, Bong Joon-ho","Scarlett Johansson, Joaquin Phoenix, Bae Doona, Daniel Day-Lewis, Tom Hanks",Australia,"March 27, 2019",1993,TV-PG,1 Season,"TV Comedies, Romantic TV Shows",A visually stunning examination of the natural world and the delicate ecosystems sustaining life.
s82,Movie,Rhythms of Havana 7,"Stanley Kubrick, Satyajit Ray","Michael B. Jordan, Denzel Washington, Emma Stone","Spain, France","February 14, 2019",2019,TV-PG,93 min,"Documentaries, Sports Movies",Laughter and romance collide when two polar opposites are forced to collaborate on a dream project.
s83,Movie,The Copper Basin 8,Anurag Kashyap,,"United Kingdom, United States","February 13, 2018",2016,NR,87 min,"Thrillers, International Movies","A heartwarming story exploring the delicate bonds of family, friendship, and cultural identity."
s84,Movie,The Forgotten Melody 9,,,"United States, United Kingdom","June 20, 2018",2017,TV-14,115 min,"Independent Movies, Dramas",A brilliant detective unravels a complex web of deceit in this high-stakes psychological drama.
s85,Movie,The Hidden Code 10,Martin Scorsese,"Irfan Khan, Ryan Gosling","Australia, United States","May 21, 2023",1999,R,124 min,"Anime Features, International Movies","A gripping tale of mystery, betrayal, and redemption set against an evocative urban backdrop."
s86,Movie,The Forgotten Kingdom 11,Ava DuVernay,"Robert De Niro, Scarlett Johansson, Song Kang-ho",,"December 7, 2022",2017,TV-G,122 min,"Action & Adventure, Comedies",Dark secrets resurface when a long-forgotten cold case is reopened by ambitious young investigators.
s87,TV Show,Emily's Paris Adventures 12,,"Priyanka Chopra, Mahershala Ali, Amitabh Bachchan, Lee Jung-jae, Lupita Nyong'o","Japan, United States","April 8, 2023",1988,TV-PG,2 Seasons,Stand-Up Comedy & Talk Shows,"In this thrilling sci-fi adventure, intrepid explorers venture beyond known physical limits."
s88,Movie,Tales of the Outback 13,S. S. Rajamouli,"Aamir Khan, Michael B. Jordan, Tom Hanks, Emma Stone, Robert De Niro","South Korea, United States","December 16, 2022",2022,TV-14,83 min,"Dramas, Independent Movies","Set in a dystopian future, a rebellious visionary fights against an oppressive techno-corporation."
s89,Movie,The Red Lantern 14,Quentin Tarantino,"Marion Cotillard, Denzel Washington, Christian Bale","South Korea, United States","September 6, 2017",2017,TV-G,95 min,"Horror Movies, Thrillers","A witty and satirical look at modern society, ambition, and the pursuit of artistic success."
s90,TV Show,Peaky Gangsters,,,"Spain, France","July 27, 2018",2015,NR,1 Season,"Reality TV, Romance TV","A heartwarming story exploring the delicate bonds of family, friendship, and cultural identity."
s91,TV Show,Descendants of Honor 1,,,"France, Germany","August 21, 2020",2020,TV-14,3 Seasons,"Reality TV, Romance TV",An insightful documentary uncovering the hidden truths behind an extraordinary global phenomenon.
s92,Movie,The Forgotten Realm 2,Ridley Scott,,Australia,"October 28, 2018",2018,G,109 min,"Classic Movies, Dramas",A brilliant detective unravels a complex web of deceit in this high-stakes psychological drama.
s93,Movie,The Emerald Isle 3,Jordan Peele,,Nigeria,"May 21, 2016",1989,TV-MA,123 min,"Horror Movies, Thrillers",An insightful documentary uncovering the hidden truths behind an extraordinary global phenomenon.
s94,Movie,Midnight in Mumbai 4,Anurag Kashyap,"Marion Cotillard, Morgan Freeman, Gong Yoo","Australia, United States","September 26, 2023",2011,R,91 min,Music & Musicals,"An inspiring true-life account of resilience, courage, and triumph against overwhelming odds."
s95,Movie,Labyrinth of Memories 5,Guillermo del Toro,,"United States, Canada","June 28, 2018",2017,R,97 min,"Anime Features, International Movies","An inspiring true-life account of resilience, courage, and triumph against overwhelming odds."
s96,TV Show,Wednesday's Shadow 6,Akira Kurosawa,"Lee Jung-jae, Ryan Gosling",Italy,"October 3, 2019",2015,TV-MA,1 Season,"International TV Shows, TV Dramas, TV Mysteries","When a sudden crisis threatens everything they know, an unlikely group must unite to survive."
s97,Movie,Under the Tuscan Stars 7,Akira Kurosawa,"Bae Doona, Priyanka Chopra, Cate Blanchett, Morgan Freeman, Michael B. Jordan","United Kingdom, United States","January 25, 2019",2017,NR,77 min,Stand-Up Comedy,"Set in a dystopian future, a rebellious visionary fights against an oppressive techno-corporation."
s98,Movie,The Neon Samurai 8,Guillermo del Toro,,"France, Germany","April 3, 2019",1980,PG-13,75 min,Documentaries,Dark secrets resurface when a long-forgotten cold case is reopened by ambitious young investigators.
s99,Movie,Chronicles of Mars 9,,"Morgan Freeman, Emma Stone","Australia, United States","May 5, 2020",2020,G,119 min,"Children & Family Movies, Comedies",An insightful documentary uncovering the hidden truths behind an extraordinary global phenomenon.
s100,TV Show,Paatal Lok Stories 10,,"Ken Watanabe, Denzel Washington, Michael B. Jordan, Priyanka Chopra, Mahershala Ali",China,"September 16, 2021",2021,NR,2 Seasons,"Reality TV, Romance TV","A gripping tale of mystery, betrayal, and redemption set against an evocative urban backdrop."
s101,TV Show,Cyberpunk: Edgerunners 11,,"Penélope Cruz, Lupita Nyong'o, Cate Blanchett, Bae Doona",United Kingdom,"May 13, 2018",2018,NR,1 Season,"Korean TV Shows, TV Dramas",Dark secrets resurface when a long-forgotten cold case is reopened by ambitious young investigators.
s102,Movie,Mirage in the Desert 12,Christopher Nolan,"Scarlett Johansson, Gong Yoo, Daniel Day-Lewis","South Korea, United States","May 13, 2021",2018,TV-14,131 min,"Children & Family Movies, Comedies",A brilliant detective unravels a complex web of deceit in this high-stakes psychological drama.
s103,Movie,Ocean's Melody 13,Alejandro G. Iñárritu,"Mahershala Ali, Irfan Khan, Robert De Niro, Marion Cotillard",United States,"March 7, 2021",2021,R,100 min,"Horror Movies, Thrillers","Set in a dystopian future, a rebellious visionary fights against an oppressive techno-corporation."
s104,Movie,Breeze of the Himalayas 14,Zoya Akhtar,"Shah Rukh Khan, Morgan Freeman, Ken Watanabe, Amitabh Bachchan","United Kingdom, United States","February 27, 2016",1996,G,124 min,"Action & Adventure, Sci-Fi & Fantasy","A witty and satirical look at modern society, ambition, and the pursuit of artistic success."
s105,TV Show,Stranger Encounters,,"Gong Yoo, Ken Watanabe",,"January 17, 2021",2021,TV-PG,1 Season,Stand-Up Comedy & Talk Shows,"A witty and satirical look at modern society, ambition, and the pursuit of artistic success."
s106,TV Show,Kingdom of Shadows 1,,,South Korea,"May 26, 2021",2019,TV-Y7,1 Season,"Kids' TV, TV Comedies",Dark secrets resurface when a long-forgotten cold case is reopened by ambitious young investigators.
s107,Movie,Whispers in the Wind 2,Steven Spielberg,,"United Kingdom, United States","February 16, 2018",2015,TV-PG,109 min,"Independent Movies, Dramas","When a sudden crisis threatens everything they know, an unlikely group must unite to survive."
s108,TV Show,Squid Arena 3,,"Joaquin Phoenix, Robert De Niro, Brad Pitt, Amitabh Bachchan, Mahershala Ali",,"February 10, 2022",2017,NR,3 Seasons,"Spanish-Language TV Shows, TV Dramas","Set in a dystopian future, a rebellious visionary fights against an oppressive techno-corporation."
s109,TV Show,Black Mirrors 4,Denis Villeneuve,"Denzel Washington, Christian Bale, Nawazuddin Siddiqui, Marion Cotillard",Mexico,"January 21, 2021",2021,TV-Y7,1 Season,"British TV Shows, Docuseries",Laughter and romance collide when two polar opposites are forced to collaborate on a dream project.
s110,Movie,The Last Voyage 5,Anurag Kashyap,"Cate Blanchett, Joaquin Phoenix","South Korea, United States","June 4, 2021",2006,TV-G,87 min,"Thrillers, International Movies",An insightful documentary uncovering the hidden truths behind an extraordinary global phenomenon.
s111,Movie,Rivers of Gold 6,Akira Kurosawa,,"United Kingdom, United States","January 10, 2022",2020,NR,109 min,"Dramas, Independent Movies","In this thrilling sci-fi adventure, intrepid explorers venture beyond known physical limits."
s112,Movie,The Broken Compass 7,,"Ken Watanabe, Tom Hanks, Brad Pitt, Shah Rukh Khan",China,"May 8, 2021",2016,R,135 min,"Horror Movies, Thrillers","When a sudden crisis threatens everything they know, an unlikely group must unite to survive."
s113,Movie,The Glass Palace 8,Chloe Zhao,"Morgan Freeman, Ryan Gosling, Mahershala Ali, Song Kang-ho, Gong Yoo",Italy,"October 26, 2023",2011,G,101 min,"Thrillers, International Movies","When a sudden crisis threatens everything they know, an unlikely group must unite to survive."
s114,Movie,Chronicles of Mars 9,,"Lee Jung-jae, Penélope Cruz",Australia,"November 16, 2022",2013,TV-14,136 min,Music & Musicals,"A heartwarming story exploring the delicate bonds of family, friendship, and cultural identity."
s115,TV Show,  The Witcher's Tale 10  ,,"Irfan Khan, Robert De Niro, Deepika Padukone, Cate Blanchett, Christian Bale","Japan, United States","October 21, 2017",2017,NR,1 Season,"Docuseries, Science & Nature TV","When a sudden crisis threatens everything they know, an unlikely group must unite to survive."
s116,Movie,Dancing in the Rain 11,Spike Lee,"Lee Jung-jae, Tom Hanks, Michael B. Jordan, Meryl Streep, Gong Yoo",China,"June 10, 2018",2013,NR,50 min,"Horror Movies, Thrillers",A brilliant detective unravels a complex web of deceit in this high-stakes psychological drama.
s117,Movie,The Golden Mirage 12,"Steven Spielberg, Guillermo del Toro",,Canada,"September 6, 2019",2017,G,120 min,"Horror Movies, Thrillers","In this thrilling sci-fi adventure, intrepid explorers venture beyond known physical limits."
s118,Movie,The Emerald Isle 13,Martin Scorsese,"Bae Doona, Nawazuddin Siddiqui, Priyanka Chopra",,"October 4, 2019",2019,TV-PG,103 min,"Thrillers, International Movies","In this thrilling sci-fi adventure, intrepid explorers venture beyond known physical limits."
s119,Movie,The Hidden Code 14,Ava DuVernay,"Michael B. Jordan, Lee Jung-jae","Japan, United States","November 5, 2019",2019,TV-MA,95 min,"Action & Adventure, Sci-Fi & Fantasy",A brilliant detective unravels a complex web of deceit in this high-stakes psychological drama.
s120,Movie,Subway Stories,Federico Fellini,"Shah Rukh Khan, Ken Watanabe, Emma Stone",Mexico,"August 5, 2016",1991,NR,104 min,"Classic Movies, Dramas","A witty and satirical look at modern society, ambition, and the pursuit of artistic success."
s121,Movie,Subway Stories 1,Wes Anderson,,,"September 10, 2019",2004,TV-G,58 min,"Classic Movies, Dramas","Set in a dystopian future, a rebellious visionary fights against an oppressive techno-corporation."
s122,Movie,Chronicles of Mars 2,Steven Spielberg,"Penélope Cruz, Nawazuddin Siddiqui, Christian Bale, Daniel Day-Lewis, Ryan Gosling",India,"August 28, 2020",2020,R,97 min,Documentaries,Dark secrets resurface when a long-forgotten cold case is reopened by ambitious young investigators.
s123,Movie,Midnight in Mumbai 3,Alfonso Cuarón,"Denzel Washington, Michael B. Jordan, Joaquin Phoenix",Japan,"October 9, 2020",2019,TV-MA,109 min,"Action & Adventure, Sci-Fi & Fantasy",Laughter and romance collide when two polar opposites are forced to collaborate on a dream project.
s124,TV Show,Mirzapur Chronicles 4,,"Daniel Day-Lewis, Tom Hanks, Mahershala Ali","Japan, United States","November 14, 2020",2017,NR,3 Seasons,"Crime TV Shows, Docuseries",Laughter and romance collide when two polar opposites are forced to collaborate on a dream project.
s125,Movie,Visions of Tomorrow 5,Christopher Nolan,"Lee Jung-jae, Michael B. Jordan","United Kingdom, United States","August 9, 2021",2021,NR,134 min,"Independent Movies, Dramas","A heartwarming story exploring the delicate bonds of family, friendship, and cultural identity."
s126,Movie,Secrets of the Serengeti 6,Steven Spielberg,,Nigeria,"August 1, 2023",2017,PG,90 min,"Dramas, Independent Movies","A witty and satirical look at modern society, ambition, and the pursuit of artistic success."
s127,TV Show,Paatal Lok Stories 7,,"Cate Blanchett, Deepika Padukone, Shah Rukh Khan, Denzel Washington",Australia,"November 3, 2022",2018,,1 Season,"TV Comedies, Romantic TV Shows","An inspiring true-life account of resilience, courage, and triumph against overwhelming odds."
s128,Movie,The Silent Horizon 8,,"Nawazuddin Siddiqui, Morgan Freeman",Germany,"June 12, 2017",2016,PG,84 min,Music & Musicals,"A witty and satirical look at modern society, ambition, and the pursuit of artistic success."
s129,Movie,The Silent Horizon 9,Pedro Almodóvar,"Irfan Khan, Bae Doona, Penélope Cruz",Canada,"June 14, 2022",2016,TV-14,90 min,Music & Musicals,"When a sudden crisis threatens everything they know, an unlikely group must unite to survive."
s130,Movie,Island of Dreams 10,Martin Scorsese,"Penélope Cruz, Song Kang-ho, Aamir Khan, Emma Stone",Germany,"August 21, 2019",2016,PG-13,122 min,"Thrillers, International Movies",A brilliant detective unravels a complex web of deceit in this high-stakes psychological drama.
s131,TV Show,Arcane Legends 11,,"Gong Yoo, Brad Pitt, Meryl Streep",United States,"July 17, 2016",2015,NR,1 Season,Stand-Up Comedy & Talk Shows,Laughter and romance collide when two polar opposites are forced to collaborate on a dream project.
s132,Movie,The Red Lantern 12,,,,"July 19, 2021",1984,TV-MA,109 min,"Children & Family Movies, Comedies",Dark secrets resurface when a long-forgotten cold case is reopened by ambitious young investigators.
s133,TV Show,Alice in Border City 13,,,Nigeria,"November 24, 2020",2015,TV-MA,2 Seasons,Stand-Up Comedy & Talk Shows,"A gripping tale of mystery, betrayal, and redemption set against an evocative urban backdrop."
s134,TV Show,Emily's Paris Adventures 14,,"Shah Rukh Khan, Deepika Padukone, Morgan Freeman, Joaquin Phoenix",Canada,"May 17, 2022",2012,TV-Y,1 Season,"Reality TV, Romance TV",A visually stunning examination of the natural world and the delicate ecosystems sustaining life.
s135,Movie,The Copper Basin,,"Scarlett Johansson, Marion Cotillard",United States,"January 16, 2019",2015,PG,90 min,"Dramas, Independent Movies","A gripping tale of mystery, betrayal, and redemption set against an evocative urban backdrop."
s136,TV Show,The Social Dilemma Series 1,,"Irfan Khan, Mahershala Ali, Joaquin Phoenix","India, United States","April 26, 2018",2015,TV-Y7,1 Season,"Reality TV, Romance TV",An insightful documentary uncovering the hidden truths behind an extraordinary global phenomenon.
s137,Movie,City Lights at Dawn 2,"James Cameron, Anurag Kashyap","Daniel Day-Lewis, Lee Jung-jae, Deepika Padukone, Ken Watanabe",South Korea,"January 14, 2018",2018,PG-13,113 min,"Thrillers, International Movies","A gripping tale of mystery, betrayal, and redemption set against an evocative urban backdrop."
s138,Movie,The Eternal Flame 3,"Jordan Peele, Akira Kurosawa","Tom Hanks, Joaquin Phoenix",Germany,"August 24, 2021",2011,PG,104 min,Music & Musicals,Laughter and romance collide when two polar opposites are forced to collaborate on a dream project.
s139,Movie,Rivers of Gold 4,"Anurag Kashyap, Taika Waititi","Mahershala Ali, Bae Doona, Joaquin Phoenix, Marion Cotillard, Brad Pitt",France,"March 15, 2017",2002,NR,123 min,"Thrillers, International Movies","In this thrilling sci-fi adventure, intrepid explorers venture beyond known physical limits."
s140,Movie,Iron Will 5,,"Robert De Niro, Penélope Cruz, Mahershala Ali, Tom Hanks",Germany,"May 27, 2020",2000,G,86 min,"Action & Adventure, Comedies",A visually stunning examination of the natural world and the delicate ecosystems sustaining life.
s141,Movie,Ocean's Melody 6,Alfonso Cuarón,"Marion Cotillard, Morgan Freeman",Italy,"February 1, 2020",2016,TV-G,94 min,"Documentaries, Sports Movies","A heartwarming story exploring the delicate bonds of family, friendship, and cultural identity."
s142,TV Show,Dark German Mysteries 7,,,Japan,"August 1, 2022",2011,TV-PG,1 Season,"TV Comedies, Romantic TV Shows",An insightful documentary uncovering the hidden truths behind an extraordinary global phenomenon.
s143,TV Show,Money Heist: Global 8,,"Ken Watanabe, Irfan Khan, Gong Yoo, Denzel Washington",Italy,"November 26, 2019",2018,TV-Y7,2 Seasons,"Anime Series, International TV Shows",A visually stunning examination of the natural world and the delicate ecosystems sustaining life.
s144,Movie,The Copper Basin 9,Ridley Scott,,United States,"September 12, 2023",1981,PG,93 min,"Comedies, Romantic Movies","In this thrilling sci-fi adventure, intrepid explorers venture beyond known physical limits."
s145,Movie,The Eternal Flame 10,,"Priyanka Chopra, Michael B. Jordan, Amitabh Bachchan","India, United States","December 23, 2020",2020,PG,69 min,"Independent Movies, Dramas","In this thrilling sci-fi adventure, intrepid explorers venture beyond known physical limits."
s146,TV Show,Outer Banks Odyssey 11,,"Cate Blanchett, Denzel Washington",Germany,"June 20, 2022",2022,TV-G,1 Season,"Anime Series, International TV Shows","A gripping tale of mystery, betrayal, and redemption set against an evocative urban backdrop."
s147,Movie,Velvet Dreams 12,Damien Chazelle,"Aamir Khan, Christian Bale, Lupita Nyong'o, Ryan Gosling",Japan,"November 11, 2023",2021,TV-PG,108 min,Documentaries,"A witty and satirical look at modern society, ambition, and the pursuit of artistic success."
s148,Movie,Rhythms of Havana 13,Ridley Scott,"Robert De Niro, Amitabh Bachchan, Mahershala Ali, Marion Cotillard, Christian Bale",France,"June 11, 2019",2016,TV-MA,107 min,"Action & Adventure, Comedies",Dark secrets resurface when a long-forgotten cold case is reopened by ambitious young investigators.
s149,TV Show,The Last Kingdom Saga 14,,"Brad Pitt, Michael B. Jordan, Viola Davis","Australia, United States","December 14, 2023",2021,TV-Y7,3 Seasons,"Anime Series, International TV Shows","Set in a dystopian future, a rebellious visionary fights against an oppressive techno-corporation."
s150,TV Show,Babylon Berlin Nights,Spike Lee,"Robert De Niro, Emma Stone",,"June 6, 2017",2016,TV-MA,1 Season,"Crime TV Shows, Docuseries",A brilliant detective unravels a complex web of deceit in this high-stakes psychological drama.
s151,Movie,Tales of the Outback 1,Wes Anderson,"Shah Rukh Khan, Denzel Washington, Christian Bale, Lupita Nyong'o, Penélope Cruz",China,"May 8, 2020",2019,NR,102 min,"Action & Adventure, Comedies",A visually stunning examination of the natural world and the delicate ecosystems sustaining life.
s152,Movie,The Phantom Lighthouse 2,,"Song Kang-ho, Christian Bale, Meryl Streep, Penélope Cruz, Shah Rukh Khan",United Kingdom,"July 16, 2020",2016,TV-MA,96 min,Music & Musicals,"Set in a dystopian future, a rebellious visionary fights against an oppressive techno-corporation."
s153,Movie,The Broken Compass 3,Taika Waititi,"Marion Cotillard, Joaquin Phoenix, Denzel Washington, Tom Hanks","Japan, United States","October 8, 2022",2020,NR,70 min,Stand-Up Comedy,"Set in a dystopian future, a rebellious visionary fights against an oppressive techno-corporation."
s154,TV Show,Arcane Legends 4,Denis Villeneuve,"Tom Hanks, Scarlett Johansson",Nigeria,"April 5, 2019",2017,TV-G,1 Season,"Spanish-Language TV Shows, TV Dramas","A heartwarming story exploring the delicate bonds of family, friendship, and cultural identity."
s155,Movie,The Sapphire Shore 5,"Ava DuVernay, Stanley Kubrick","Lee Jung-jae, Leonardo DiCaprio, Irfan Khan, Scarlett Johansson",France,"October 25, 2017",2016,NR,92 min,"Dramas, Independent Movies",A brilliant detective unravels a complex web of deceit in this high-stakes psychological drama.
s156,Movie,Chronicles of the Wind 6,Steven Spielberg,"Tom Hanks, Aamir Khan, Robert De Niro, Lupita Nyong'o, Daniel Day-Lewis",,"January 11, 2021",2019,TV-14,94 min,"Action & Adventure, Comedies",A visually stunning examination of the natural world and the delicate ecosystems sustaining life.
s157,Movie,Neon Genesis Odyssey 7,,"Mahershala Ali, Joaquin Phoenix, Irfan Khan, Cate Blanchett, Song Kang-ho",China,"September 26, 2020",2020,NR,84 min,Stand-Up Comedy,"A heartwarming story exploring the delicate bonds of family, friendship, and cultural identity."
s158,Movie,The Copper Basin 8,,"Denzel Washington, Daniel Day-Lewis, Robert De Niro",Brazil,"August 17, 2021",2019,PG-13,98 min,Documentaries,A brilliant detective unravels a complex web of deceit in this high-stakes psychological drama.
s159,Movie,The Golden Harvest 9,Wes Anderson,"Cate Blanchett, Emma Stone, Meryl Streep, Priyanka Chopra",,"November 8, 2019",1986,G,110 min,"Classic Movies, Dramas","A gripping tale of mystery, betrayal, and redemption set against an evocative urban backdrop."
s160,TV Show,Formula 1: Speed 10,,"Leonardo DiCaprio, Marion Cotillard, Viola Davis",Australia,"July 28, 2022",2019,TV-Y7,1 Season,"British TV Shows, Docuseries","An inspiring true-life account of resilience, courage, and triumph against overwhelming odds."
s161,Movie,Dancing in the Rain 11,Damien Chazelle,"Ryan Gosling, Christian Bale, Gong Yoo, Brad Pitt",Spain,"November 23, 2020",2019,R,143 min,"Action & Adventure, Sci-Fi & Fantasy","Set in a dystopian future, a rebellious visionary fights against an oppressive techno-corporation."
s162,TV Show,Dark German Mysteries 12,Stanley Kubrick,"Meryl Streep, Ken Watanabe, Emma Stone",China,"June 24, 2019",2015,TV-G,2 Seasons,"Spanish-Language TV Shows, TV Dramas",A brilliant detective unravels a complex web of deceit in this high-stakes psychological drama.
s163,TV Show,Sacred Games of Bombay 13,,"Christian Bale, Gong Yoo, Morgan Freeman, Viola Davis","United Kingdom, United States","November 3, 2021",2010,NR,1 Season,"Anime Series, International TV Shows",A brilliant detective unravels a complex web of deceit in this high-stakes psychological drama.
s164,Movie,Iron Will 14,David Fincher,"Scarlett Johansson, Priyanka Chopra, Ryan Gosling",France,"July 19, 2021",2018,PG,105 min,"Thrillers, International Movies",Dark secrets resurface when a long-forgotten cold case is reopened by ambitious young investigators.
s165,Movie,The Art of Escape,Quentin Tarantino,,Japan,"February 5, 2023",2017,G,107 min,Stand-Up Comedy,A visually stunning examination of the natural world and the delicate ecosystems sustaining life.
s166,Movie,The Clockwork Heart 1,Alejandro G. Iñárritu,"Meryl Streep, Leonardo DiCaprio, Daniel Day-Lewis",Brazil,"September 19, 2022",2016,PG-13,100 min,"Children & Family Movies, Comedies",An insightful documentary uncovering the hidden truths behind an extraordinary global phenomenon.
s167,Movie,Underground Symphony 2,Alfonso Cuarón,"Michael B. Jordan, Song Kang-ho, Shah Rukh Khan, Aamir Khan, Meryl Streep","Australia, United States","February 12, 2018",2000,G,59 min,"Dramas, Independent Movies","A witty and satirical look at modern society, ambition, and the pursuit of artistic success."
s168,Movie,Echoes of Silence 3,"Bong Joon-ho, Martin Scorsese",,Nigeria,"December 5, 2023",2019,PG-13,101 min,"Children & Family Movies, Comedies",Laughter and romance collide when two polar opposites are forced to collaborate on a dream project.
s169,Movie,Echoes from the Deep 4,Akira Kurosawa,"Scarlett Johansson, Emma Stone",Canada,"September 7, 2020",2018,PG,103 min,"Dramas, International Movies","Set in a dystopian future, a rebellious visionary fights against an oppressive techno-corporation."
s170,Movie,Tales of the Outback 5,"Denis Villeneuve, Guillermo del Toro","Tom Hanks, Cate Blanchett, Brad Pitt, Christian Bale, Viola Davis",Nigeria,"February 27, 2016",2007,TV-14,156 min,"Thrillers, International Movies","A witty and satirical look at modern society, ambition, and the pursuit of artistic success."
s171,TV Show,Mindful Hunters 6,Christopher Nolan,"Lupita Nyong'o, Michael B. Jordan, Bae Doona",Spain,"March 4, 2021",2013,TV-PG,3 Seasons,Stand-Up Comedy & Talk Shows,A visually stunning examination of the natural world and the delicate ecosystems sustaining life.
s172,Movie,Chasing Tomorrow 7,,"Shah Rukh Khan, Christian Bale","India, United States","October 13, 2022",2022,PG,97 min,"Horror Movies, Thrillers",A visually stunning examination of the natural world and the delicate ecosystems sustaining life.
s173,Movie,The Last Frontier 8,,"Marion Cotillard, Lupita Nyong'o","South Korea, United States","November 24, 2022",2016,G,108 min,"Action & Adventure, Sci-Fi & Fantasy","Set in a dystopian future, a rebellious visionary fights against an oppressive techno-corporation."
s174,Movie,The Silent Horizon 9,Lulu Wang,"Brad Pitt, Ken Watanabe, Mahershala Ali",Spain,"July 27, 2022",2018,TV-G,101 min,"Comedies, Romantic Movies",A visually stunning examination of the natural world and the delicate ecosystems sustaining life.
s175,Movie,Wings of Steel 10,"Stanley Kubrick, Akira Kurosawa",,United Kingdom,"November 22, 2019",1989,PG-13,76 min,"Action & Adventure, Comedies","In this thrilling sci-fi adventure, intrepid explorers venture beyond known physical limits."
s176,Movie,The Midnight Train 11,Damien Chazelle,"Christian Bale, Marion Cotillard",,"December 4, 2021",2019,PG,127 min,"Action & Adventure, Comedies",Dark secrets resurface when a long-forgotten cold case is reopened by ambitious young investigators.
s177,Movie,Breeze of the Himalayas 12,Stanley Kubrick,"Lupita Nyong'o, Christian Bale, Irfan Khan",,"August 22, 2023",2016,TV-G,118 min,"Dramas, International Movies","Set in a dystopian future, a rebellious visionary fights against an oppressive techno-corporation."
s178,Movie,Rivers of Gold 13,Ridley Scott,"Morgan Freeman, Christian Bale, Priyanka Chopra","France, Germany","October 23, 2022",2006,TV-PG,119 min,"Children & Family Movies, Comedies",A visually stunning examination of the natural world and the delicate ecosystems sustaining life.
s179,Movie,Symphony of Lights 14,Park Chan-wook,"Penélope Cruz, Song Kang-ho, Emma Stone, Michael B. Jordan",France,"December 4, 2021",1985,G,81 min,Music & Musicals,Dark secrets resurface when a long-forgotten cold case is reopened by ambitious young investigators.
s180,Movie,The Phantom Lighthouse,Martin Scorsese,"Denzel Washington, Song Kang-ho",Japan,"December 26, 2016",1984,PG-13,132 min,"Thrillers, International Movies",A visually stunning examination of the natural world and the delicate ecosystems sustaining life.
s181,TV Show,The Social Dilemma Series 1,,"Daniel Day-Lewis, Emma Stone, Denzel Washington, Priyanka Chopra, Irfan Khan","Japan, United States","December 9, 2016",2015,NR,3 Seasons,"Kids' TV, TV Comedies","A witty and satirical look at modern society, ambition, and the pursuit of artistic success."
s182,Movie,The Crystal Cavern 2,James Cameron,"Emma Stone, Bae Doona, Amitabh Bachchan",United Kingdom,"July 2, 2017",2017,PG,71 min,"Action & Adventure, Sci-Fi & Fantasy","An inspiring true-life account of resilience, courage, and triumph against overwhelming odds."
s183,Movie,Sunset Boulevard Memories 3,Greta Gerwig,"Ryan Gosling, Ken Watanabe","United Kingdom, United States","March 17, 2020",2020,G,114 min,"Classic Movies, Dramas","Set in a dystopian future, a rebellious visionary fights against an oppressive techno-corporation."
s184,Movie,Shattered Reflections 4,Anurag Kashyap,"Leonardo DiCaprio, Scarlett Johansson, Michael B. Jordan, Bae Doona, Daniel Day-Lewis","France, Germany","July 26, 2021",2000,NR,150 min,"Anime Features, International Movies",An insightful documentary uncovering the hidden truths behind an extraordinary global phenomenon.
s185,Movie,The Midnight Train 5,Jean-Luc Godard,"Song Kang-ho, Mahershala Ali, Cate Blanchett, Christian Bale","United Kingdom, United States","November 21, 2019",2016,G,80 min,"Action & Adventure, Comedies","When a sudden crisis threatens everything they know, an unlikely group must unite to survive."
s186,TV Show,Paatal Lok Stories 6,David Fincher,"Meryl Streep, Lee Jung-jae, Lupita Nyong'o",,"September 3, 2020",2017,TV-PG,1 Season,"Reality TV, Romance TV","A witty and satirical look at modern society, ambition, and the pursuit of artistic success."
s187,Movie,Flight Across the Atlantic 7,David Fincher,"Brad Pitt, Michael B. Jordan",Canada,"May 25, 2019",2019,PG-13,89 min,"Horror Movies, Thrillers","A heartwarming story exploring the delicate bonds of family, friendship, and cultural identity."
s188,Movie,The Glass Palace 8,Anurag Kashyap,"Ryan Gosling, Deepika Padukone, Leonardo DiCaprio","United Kingdom, United States","October 20, 2016",2015,TV-MA,104 min,"Children & Family Movies, Comedies","In this thrilling sci-fi adventure, intrepid explorers venture beyond known physical limits."
s189,TV Show,Manifest Destiny 9,,"Shah Rukh Khan, Amitabh Bachchan, Marion Cotillard",Spain,"September 15, 2017",2017,TV-G,1 Season,"Crime TV Shows, Docuseries","In this thrilling sci-fi adventure, intrepid explorers venture beyond known physical limits."
s190,Movie,The Art of Escape 10,Jordan Peele,,South Korea,"October 22, 2022",2022,TV-PG,90 min,"Documentaries, Sports Movies",A brilliant detective unravels a complex web of deceit in this high-stakes psychological drama.
s191,Movie,The Obsidian Tower 11,,"Joaquin Phoenix, Deepika Padukone, Morgan Freeman, Lupita Nyong'o, Gong Yoo",Brazil,"November 20, 2018",2001,PG,67 min,"Dramas, Independent Movies","Set in a dystopian future, a rebellious visionary fights against an oppressive techno-corporation."
s192,TV Show,The Great British Bake 12,,,,"October 7, 2022",2015,TV-Y,3 Seasons,"British TV Shows, Docuseries",A visually stunning examination of the natural world and the delicate ecosystems sustaining life.
s193,Movie,The Glass Palace 13,,"Morgan Freeman, Lee Jung-jae, Cate Blanchett, Aamir Khan",United States,"August 6, 2018",2017,PG,103 min,"Anime Features, International Movies",Dark secrets resurface when a long-forgotten cold case is reopened by ambitious young investigators.
s194,Movie,The Wandering Soul 14,Taika Waititi,"Penélope Cruz, Deepika Padukone",Nigeria,"February 23, 2021",2010,TV-14,78 min,"Action & Adventure, Comedies",Dark secrets resurface when a long-forgotten cold case is reopened by ambitious young investigators.
s195,Movie,Crimson Peak Journey,David Fincher,"Marion Cotillard, Aamir Khan, Michael B. Jordan, Ken Watanabe, Gong Yoo",United States,"March 8, 2023",2017,R,112 min,"Action & Adventure, Sci-Fi & Fantasy","A heartwarming story exploring the delicate bonds of family, friendship, and cultural identity."
s196,Movie,Iron Will 1,Chloe Zhao,"Gong Yoo, Penélope Cruz, Shah Rukh Khan, Irfan Khan, Meryl Streep",France,"November 17, 2018",2017,PG-13,81 min,"Action & Adventure, Sci-Fi & Fantasy",An insightful documentary uncovering the hidden truths behind an extraordinary global phenomenon.
s197,Movie,Tides of Fortune 2,Martin Scorsese,"Cate Blanchett, Penélope Cruz, Bae Doona, Gong Yoo",Japan,"October 27, 2021",2021,NR,136 min,"Children & Family Movies, Comedies","A heartwarming story exploring the delicate bonds of family, friendship, and cultural identity."
s198,Movie,The Neon Samurai 3,"Ava DuVernay, Alfonso Cuarón",,"United States, Canada","March 16, 2017",2017,NR,84 min,"Classic Movies, Dramas","When a sudden crisis threatens everything they know, an unlikely group must unite to survive."
s199,Movie,Symphony of Lights 4,"Federico Fellini, Akira Kurosawa","Nawazuddin Siddiqui, Marion Cotillard","United States, United Kingdom","July 5, 2017",2009,TV-MA,94 min,"Children & Family Movies, Comedies","An inspiring true-life account of resilience, courage, and triumph against overwhelming odds."
s200,Movie,Arctic Expedition 5,,"Scarlett Johansson, Leonardo DiCaprio",South Korea,"June 4, 2022",2020,TV-14,119 min,"Children & Family Movies, Comedies","Set in a dystopian future, a rebellious visionary fights against an oppressive techno-corporation."
s201,Movie,The Silver Lining 6,Hayao Miyazaki,"Amitabh Bachchan, Deepika Padukone, Gong Yoo, Viola Davis, Ryan Gosling","South Korea, United States","December 8, 2017",2017,PG,74 min,"Comedies, Romantic Movies","In this thrilling sci-fi adventure, intrepid explorers venture beyond known physical limits."
s202,TV Show,Dark German Mysteries 7,,"Shah Rukh Khan, Priyanka Chopra",United States,"February 3, 2022",1995,TV-Y,1 Season,"Docuseries, Science & Nature TV",Laughter and romance collide when two polar opposites are forced to collaborate on a dream project.
s203,Movie,The Silk Road Chronicles 8,"Ridley Scott, Zoya Akhtar","Emma Stone, Song Kang-ho, Robert De Niro","United States, Canada","November 2, 2018",2018,PG,107 min,"Comedies, Romantic Movies",An insightful documentary uncovering the hidden truths behind an extraordinary global phenomenon.
s204,Movie,The Glass Palace 9,Christopher Nolan,"Cate Blanchett, Emma Stone","United Kingdom, United States","April 20, 2020",2013,G,130 min,"Independent Movies, Dramas","A gripping tale of mystery, betrayal, and redemption set against an evocative urban backdrop."
s205,Movie,The Secret Alchemist 10,Chloe Zhao,"Viola Davis, Bae Doona, Priyanka Chopra, Gong Yoo",Mexico,"August 4, 2016",2007,R,66 min,Music & Musicals,Dark secrets resurface when a long-forgotten cold case is reopened by ambitious young investigators.
s206,Movie,Song of the Prairie 11,"Taika Waititi, Jordan Peele","Lupita Nyong'o, Brad Pitt, Amitabh Bachchan, Gong Yoo, Mahershala Ali","India, United States","December 7, 2023",2018,TV-14,106 min,Documentaries,"In this thrilling sci-fi adventure, intrepid explorers venture beyond known physical limits."
s207,Movie,Desert Mirage 12,Guillermo del Toro,"Leonardo DiCaprio, Robert De Niro, Gong Yoo, Deepika Padukone, Mahershala Ali","India, United States","July 8, 2020",2012,NR,107 min,"Documentaries, Sports Movies",Laughter and romance collide when two polar opposites are forced to collaborate on a dream project.
s208,Movie,The Forgotten Melody 13,Ridley Scott,"Lee Jung-jae, Mahershala Ali",United States,"June 12, 2021",2021,NR,119 min,"Children & Family Movies, Comedies","In this thrilling sci-fi adventure, intrepid explorers venture beyond known physical limits."
s209,TV Show,The Last Kingdom Saga 14,,"Irfan Khan, Deepika Padukone, Aamir Khan",Japan,"December 9, 2018",2018,NR,1 Season,"TV Comedies, Romantic TV Shows",Dark secrets resurface when a long-forgotten cold case is reopened by ambitious young investigators.
s210,TV Show,Kingdom of Shadows,,"Ken Watanabe, Ryan Gosling, Viola Davis, Denzel Washington","South Korea, United States","August 27, 2020",2018,TV-PG,1 Season,"Anime Series, International TV Shows","Set in a dystopian future, a rebellious visionary fights against an oppressive techno-corporation."
s211,TV Show,Manifest Destiny 1,,"Amitabh Bachchan, Emma Stone, Michael B. Jordan","United States, Canada","July 20, 2022",2022,TV-14,3 Seasons,"Spanish-Language TV Shows, TV Dramas",A brilliant detective unravels a complex web of deceit in this high-stakes psychological drama.
s212,Movie,Tides of Fortune 2,"Wes Anderson, Chloe Zhao","Emma Stone, Joaquin Phoenix, Aamir Khan, Bae Doona",Brazil,"March 6, 2022",2022,R,74 min,Music & Musicals,An insightful documentary uncovering the hidden truths behind an extraordinary global phenomenon.
s213,TV Show,Narcos: Empires 3,,"Brad Pitt, Gong Yoo",United States,"May 20, 2017",2001,TV-Y7,1 Season,"Kids' TV, TV Comedies",Dark secrets resurface when a long-forgotten cold case is reopened by ambitious young investigators.
s214,Movie,Solar Flare 4,Steven Spielberg,"Gong Yoo, Lee Jung-jae, Joaquin Phoenix, Bae Doona","South Korea, United States","September 21, 2022",2022,TV-PG,72 min,"Horror Movies, Thrillers","Set in a dystopian future, a rebellious visionary fights against an oppressive techno-corporation."
s215,Movie,Rhythms of Havana 5,Park Chan-wook,,France,"December 16, 2022",2022,PG-13,113 min,"Documentaries, Sports Movies",Laughter and romance collide when two polar opposites are forced to collaborate on a dream project.
s216,Movie,Midnight Echoes 6,Federico Fellini,"Priyanka Chopra, Marion Cotillard, Viola Davis",,"November 24, 2020",2019,R,108 min,"Action & Adventure, Comedies","When a sudden crisis threatens everything they know, an unlikely group must unite to survive."
s217,Movie,  Shadows in the Mist 7  ,Zoya Akhtar,"Tom Hanks, Denzel Washington",United States,"May 5, 2020",2016,R,107 min,"Comedies, Romantic Movies","A heartwarming story exploring the delicate bonds of family, friendship, and cultural identity."
s218,Movie,Subway Stories 8,Damien Chazelle,"Lupita Nyong'o, Cate Blanchett",France,"September 16, 2021",2021,TV-14,109 min,"Action & Adventure, Comedies",Laughter and romance collide when two polar opposites are forced to collaborate on a dream project.
s219,Movie,The Midnight Train 9,Jean-Luc Godard,"Song Kang-ho, Lee Jung-jae",Canada,"July 22, 2023",2018,PG,87 min,Music & Musicals,Dark secrets resurface when a long-forgotten cold case is reopened by ambitious young investigators.
s220,TV Show,Emily's Paris Adventures 10,,"Song Kang-ho, Deepika Padukone, Denzel Washington, Penélope Cruz",Germany,"March 26, 2020",2020,NR,1 Season,"International TV Shows, TV Dramas, TV Mysteries","An inspiring true-life account of resilience, courage, and triumph against overwhelming odds."
s221,Movie,The Iron Fortress 11,,"Shah Rukh Khan, Ken Watanabe, Cate Blanchett",Mexico,"June 21, 2016",1981,TV-MA,107 min,"Action & Adventure, Sci-Fi & Fantasy",A visually stunning examination of the natural world and the delicate ecosystems sustaining life.
s222,TV Show,Babylon Berlin Nights 12,,"Song Kang-ho, Meryl Streep, Priyanka Chopra, Michael B. Jordan, Morgan Freeman",India,"September 23, 2022",2022,TV-Y,1 Season,Stand-Up Comedy & Talk Shows,A visually stunning examination of the natural world and the delicate ecosystems sustaining life.
s223,TV Show,Itaewon Class Dreamers 13,Greta Gerwig,"Deepika Padukone, Lee Jung-jae, Leonardo DiCaprio, Priyanka Chopra",United States,"June 24, 2020",2020,NR,1 Season,"British TV Shows, Docuseries","A witty and satirical look at modern society, ambition, and the pursuit of artistic success."
s224,Movie,The Red Lantern 14,,"Scarlett Johansson, Christian Bale, Brad Pitt, Robert De Niro",France,"February 16, 2019",2015,G,108 min,Music & Musicals,A visually stunning examination of the natural world and the delicate ecosystems sustaining life.
s225,TV Show,Cobra Strike,,"Leonardo DiCaprio, Penélope Cruz",United Kingdom,"September 24, 2021",2015,TV-PG,2 Seasons,"International TV Shows, TV Dramas, TV Mysteries","An inspiring true-life account of resilience, courage, and triumph against overwhelming odds."
s226,Movie,The Quantum Paradox 1,"Hayao Miyazaki, Bong Joon-ho",,Italy,"September 24, 2018",2018,TV-PG,86 min,Music & Musicals,A visually stunning examination of the natural world and the delicate ecosystems sustaining life.
s227,Movie,The Secret Alchemist 2,,"Lupita Nyong'o, Shah Rukh Khan, Bae Doona, Michael B. Jordan, Mahershala Ali",Mexico,"December 11, 2022",2010,R,143 min,Stand-Up Comedy,"Set in a dystopian future, a rebellious visionary fights against an oppressive techno-corporation."
s228,Movie,Labyrinth of Memories 3,Steven Spielberg,"Morgan Freeman, Ryan Gosling",,"December 27, 2016",2005,NR,112 min,"Independent Movies, Dramas","An inspiring true-life account of resilience, courage, and triumph against overwhelming odds."
s229,Movie,Song of the Prairie 4,,"Marion Cotillard, Viola Davis, Ryan Gosling",Italy,"December 11, 2018",2018,TV-MA,75 min,"Independent Movies, Dramas","A witty and satirical look at modern society, ambition, and the pursuit of artistic success."
s230,TV Show,Arcane Legends 5,,"Michael B. Jordan, Nawazuddin Siddiqui, Irfan Khan, Scarlett Johansson",Germany,"January 10, 2022",2015,TV-Y,1 Season,"British TV Shows, Docuseries",Dark secrets resurface when a long-forgotten cold case is reopened by ambitious young investigators.
s231,Movie,The Sapphire Shore 6,Denis Villeneuve,"Aamir Khan, Tom Hanks, Morgan Freeman, Lupita Nyong'o","India, United States","February 13, 2021",2021,PG,116 min,"Documentaries, Sports Movies","A heartwarming story exploring the delicate bonds of family, friendship, and cultural identity."
s232,Movie,The Glass Palace 7,Jordan Peele,"Nawazuddin Siddiqui, Mahershala Ali, Cate Blanchett, Scarlett Johansson",China,"June 20, 2021",2018,PG,80 min,"Thrillers, International Movies","An inspiring true-life account of resilience, courage, and triumph against overwhelming odds."
s233,TV Show,Planet Earth Chronicles 8,,,South Korea,"February 24, 2017",2017,TV-14,3 Seasons,"TV Action & Adventure, Sci-Fi & Fantasy","A gripping tale of mystery, betrayal, and redemption set against an evocative urban backdrop."
s234,TV Show,Vincenzo's Vendetta 9,,,"United Kingdom, United States","October 24, 2023",2019,TV-G,1 Season,"Korean TV Shows, TV Dramas","A witty and satirical look at modern society, ambition, and the pursuit of artistic success."
s235,Movie,Starlight Symphony 10,,"Denzel Washington, Lee Jung-jae, Leonardo DiCaprio, Brad Pitt",Spain,"January 10, 2020",2020,R,119 min,Stand-Up Comedy,"Set in a dystopian future, a rebellious visionary fights against an oppressive techno-corporation."
s236,Movie,The Obsidian Tower 11,Denis Villeneuve,"Meryl Streep, Robert De Niro, Daniel Day-Lewis, Ryan Gosling, Lupita Nyong'o","Australia, United States","June 21, 2021",2020,NR,127 min,"Children & Family Movies, Comedies","A gripping tale of mystery, betrayal, and redemption set against an evocative urban backdrop."
s237,TV Show,Paatal Lok Stories 12,S. S. Rajamouli,"Aamir Khan, Morgan Freeman, Cate Blanchett, Priyanka Chopra","Japan, United States","April 19, 2022",2018,TV-Y,1 Season,"British TV Shows, Docuseries","A heartwarming story exploring the delicate bonds of family, friendship, and cultural identity."
s238,Movie,Chronicles of Mars 13,Alfonso Cuarón,"Nawazuddin Siddiqui, Tom Hanks, Shah Rukh Khan","United Kingdom, United States","June 27, 2018",2016,TV-PG,83 min,"Dramas, Independent Movies",Laughter and romance collide when two polar opposites are forced to collaborate on a dream project.
s239,Movie,Legends of the Amazon 14,S. S. Rajamouli,"Christian Bale, Morgan Freeman, Amitabh Bachchan",,"October 8, 2019",1999,TV-MA,123 min,"Anime Features, International Movies",A visually stunning examination of the natural world and the delicate ecosystems sustaining life.
s240,TV Show,Dead to Me Truths,,"Ken Watanabe, Gong Yoo, Morgan Freeman, Shah Rukh Khan, Song Kang-ho",China,"April 24, 2022",2004,TV-14,1 Season,"Reality TV, Romance TV","An inspiring true-life account of resilience, courage, and triumph against overwhelming odds."
s241,Movie,The Neon Samurai 1,Steven Spielberg,"Mahershala Ali, Aamir Khan, Robert De Niro, Christian Bale, Bae Doona",India,"December 2, 2022",2008,PG-13,111 min,Documentaries,An insightful documentary uncovering the hidden truths behind an extraordinary global phenomenon.
s242,TV Show,Explained: Everything 2,Federico Fellini,"Tom Hanks, Lee Jung-jae",Nigeria,"October 23, 2018",2016,TV-PG,1 Season,"TV Comedies, Romantic TV Shows",A visually stunning examination of the natural world and the delicate ecosystems sustaining life.
s243,TV Show,Lupin's Gambit 3,"Alejandro G. Iñárritu, Wes Anderson","Cate Blanchett, Scarlett Johansson","Spain, France","July 18, 2021",2021,TV-PG,1 Season,"Spanish-Language TV Shows, TV Dramas","A heartwarming story exploring the delicate bonds of family, friendship, and cultural identity."
s244,Movie,The Midnight Train 4,Park Chan-wook,"Emma Stone, Amitabh Bachchan, Scarlett Johansson, Morgan Freeman, Song Kang-ho",,,2007,R,120 min,Documentaries,"An inspiring true-life account of resilience, courage, and triumph against overwhelming odds."
s245,Movie,The Mountain's Call 5,,"Joaquin Phoenix, Penélope Cruz, Denzel Washington",India,"January 22, 2018",2015,TV-PG,143 min,"Dramas, Independent Movies","When a sudden crisis threatens everything they know, an unlikely group must unite to survive."
s246,Movie,Crimson Peak Journey 6,,"Lee Jung-jae, Deepika Padukone, Robert De Niro",Australia,"July 27, 2021",2021,PG,96 min,"Comedies, Romantic Movies",Dark secrets resurface when a long-forgotten cold case is reopened by ambitious young investigators.
s247,Movie,The Ancient Secret 7,Quentin Tarantino,,"Spain, France","December 23, 2023",2016,TV-14,85 min,Stand-Up Comedy,"An inspiring true-life account of resilience, courage, and triumph against overwhelming odds."
s248,Movie,Edge of the Horizon 8,Alfonso Cuarón,"Ken Watanabe, Amitabh Bachchan, Marion Cotillard, Emma Stone, Song Kang-ho",,"October 14, 2019",2016,NR,82 min,"Documentaries, Sports Movies","A witty and satirical look at modern society, ambition, and the pursuit of artistic success."
s249,Movie,Vanguard of Peace 9,,"Ryan Gosling, Mahershala Ali, Leonardo DiCaprio, Scarlett Johansson",Mexico,"April 11, 2018",2015,TV-G,84 min,"Dramas, Independent Movies",A visually stunning examination of the natural world and the delicate ecosystems sustaining life.
s250,Movie,Tales of the Outback 10,,"Lee Jung-jae, Irfan Khan, Denzel Washington, Ryan Gosling","Japan, United States","October 22, 2019",2015,TV-PG,100 min,"Comedies, Romantic Movies","A heartwarming story exploring the delicate bonds of family, friendship, and cultural identity."
s251,Movie,The Broken Compass 11,Ava DuVernay,"Ryan Gosling, Mahershala Ali",Spain,"June 15, 2022",2022,NR,109 min,"Children & Family Movies, Comedies","A heartwarming story exploring the delicate bonds of family, friendship, and cultural identity."
s252,TV Show,Explained: Everything 12,,,"United States, United Kingdom","December 28, 2023",2005,TV-14,2 Seasons,"Crime TV Shows, Docuseries","Set in a dystopian future, a rebellious visionary fights against an oppressive techno-corporation."
s253,Movie,Island of Dreams 13,,"Leonardo DiCaprio, Ryan Gosling","Japan, United States","January 4, 2023",1990,TV-14,108 min,"Dramas, International Movies","An inspiring true-life account of resilience, courage, and triumph against overwhelming odds."
s254,Movie,Mirage in the Desert 14,S. S. Rajamouli,"Scarlett Johansson, Joaquin Phoenix, Tom Hanks, Shah Rukh Khan, Leonardo DiCaprio","United Kingdom, United States","September 11, 2021",2018,TV-14,120 min,"Independent Movies, Dramas","In this thrilling sci-fi adventure, intrepid explorers venture beyond known physical limits."
s255,Movie,Secrets of the Serengeti,"Martin Scorsese, Lulu Wang","Christian Bale, Priyanka Chopra",,"October 12, 2023",2017,NR,102 min,"Comedies, Romantic Movies",A visually stunning examination of the natural world and the delicate ecosystems sustaining life.
s256,Movie,The Golden Mirage 1,Satyajit Ray,"Tom Hanks, Viola Davis, Deepika Padukone","South Korea, United States","August 16, 2021",2013,TV-PG,133 min,"Horror Movies, Thrillers",A visually stunning examination of the natural world and the delicate ecosystems sustaining life.
s257,Movie,The Celestial Sphere 2,"Bong Joon-ho, Stanley Kubrick","Mahershala Ali, Brad Pitt","United Kingdom, United States","October 8, 2021",2021,G,96 min,"Comedies, Romantic Movies",A brilliant detective unravels a complex web of deceit in this high-stakes psychological drama.
s258,Movie,Rivers of Gold 3,Chloe Zhao,"Amitabh Bachchan, Brad Pitt, Ken Watanabe","France, Germany","March 10, 2023",2016,TV-MA,161 min,Music & Musicals,"An inspiring true-life account of resilience, courage, and triumph against overwhelming odds."
s259,Movie,Wings of Steel 4,"Hayao Miyazaki, Alfonso Cuarón","Tom Hanks, Bae Doona",Italy,"April 22, 2022",2022,TV-14,115 min,"Dramas, Independent Movies",Laughter and romance collide when two polar opposites are forced to collaborate on a dream project.
s260,TV Show,Narcos: Empires 5,,"Morgan Freeman, Emma Stone, Denzel Washington, Deepika Padukone, Leonardo DiCaprio",Brazil,"April 14, 2019",2019,TV-PG,2 Seasons,"Docuseries, Science & Nature TV",Laughter and romance collide when two polar opposites are forced to collaborate on a dream project.
s261,Movie,Crimson Peak Journey 6,Ava DuVernay,"Irfan Khan, Tom Hanks, Emma Stone, Morgan Freeman",United Kingdom,"November 14, 2023",2017,PG,83 min,Music & Musicals,Laughter and romance collide when two polar opposites are forced to collaborate on a dream project.
s262,TV Show,Making a Murderer Files 7,,"Lee Jung-jae, Nawazuddin Siddiqui, Bae Doona",Germany,"December 8, 2023",2015,TV-Y,1 Season,"International TV Shows, TV Dramas, TV Mysteries","A gripping tale of mystery, betrayal, and redemption set against an evocative urban backdrop."
s263,TV Show,Ozark Waters 8,,"Tom Hanks, Joaquin Phoenix",United Kingdom,"August 21, 2019",2016,TV-MA,2 Seasons,"British TV Shows, Docuseries","An inspiring true-life account of resilience, courage, and triumph against overwhelming odds."
s264,Movie,Secrets of the Serengeti 9,"Satyajit Ray, Lulu Wang","Irfan Khan, Michael B. Jordan, Emma Stone, Shah Rukh Khan",,"January 21, 2020",1998,PG-13,78 min,Music & Musicals,An insightful documentary uncovering the hidden truths behind an extraordinary global phenomenon.
s265,Movie,Under the Tuscan Stars 10,"David Fincher, S. S. Rajamouli","Joaquin Phoenix, Viola Davis, Leonardo DiCaprio, Scarlett Johansson","India, United States","March 9, 2022",2022,PG,112 min,"Documentaries, Sports Movies","Set in a dystopian future, a rebellious visionary fights against an oppressive techno-corporation."
s266,Movie,Whispers in the Wind 11,Greta Gerwig,"Priyanka Chopra, Daniel Day-Lewis, Bae Doona, Shah Rukh Khan, Penélope Cruz",Brazil,"January 6, 2019",2019,TV-G,97 min,"Anime Features, International Movies","Set in a dystopian future, a rebellious visionary fights against an oppressive techno-corporation."
s267,Movie,Flight Across the Atlantic 12,"Federico Fellini, Christopher Nolan","Priyanka Chopra, Mahershala Ali, Robert De Niro, Christian Bale, Michael B. Jordan",China,"May 9, 2021",2019,G,117 min,"Horror Movies, Thrillers","A witty and satirical look at modern society, ambition, and the pursuit of artistic success."
s268,TV Show,Drive to Survive: Season Review 13,Ridley Scott,"Leonardo DiCaprio, Brad Pitt",,"June 8, 2023",2016,TV-MA,1 Season,"Crime TV Shows, Docuseries","A gripping tale of mystery, betrayal, and redemption set against an evocative urban backdrop."
s269,Movie,Shattered Reflections 14,Guillermo del Toro,,Italy,"December 6, 2017",2017,TV-MA,112 min,Music & Musicals,A visually stunning examination of the natural world and the delicate ecosystems sustaining life.
s270,Movie,The Phantom Lighthouse,Alejandro G. Iñárritu,"Joaquin Phoenix, Denzel Washington",Mexico,"March 15, 2020",2013,R,100 min,"Independent Movies, Dramas",Laughter and romance collide when two polar opposites are forced to collaborate on a dream project.
s271,Movie,Velvet Dreams 1,Bong Joon-ho,"Christian Bale, Robert De Niro, Brad Pitt, Viola Davis",United States,"January 22, 2016",2010,TV-PG,83 min,"Dramas, Independent Movies",Laughter and romance collide when two polar opposites are forced to collaborate on a dream project.
s272,Movie,The Midnight Train 2,David Fincher,"Priyanka Chopra, Gong Yoo","United Kingdom, United States","July 2, 2020",2010,TV-MA,68 min,"Thrillers, International Movies","Set in a dystopian future, a rebellious visionary fights against an oppressive techno-corporation."
s273,Movie,The Neon Samurai 3,James Cameron,"Priyanka Chopra, Song Kang-ho",Italy,"February 21, 2023",1991,PG-13,92 min,Documentaries,"A gripping tale of mystery, betrayal, and redemption set against an evocative urban backdrop."
s274,Movie,  The Hidden Code 4  ,Park Chan-wook,"Meryl Streep, Robert De Niro, Lupita Nyong'o, Denzel Washington, Aamir Khan","Spain, France","December 19, 2022",2022,PG,120 min,"Horror Movies, Thrillers","A witty and satirical look at modern society, ambition, and the pursuit of artistic success."
s275,TV Show,Planet Earth Chronicles 5,,"Leonardo DiCaprio, Amitabh Bachchan, Denzel Washington",Canada,"February 4, 2017",2017,TV-14,1 Season,"Kids' TV, TV Comedies",Laughter and romance collide when two polar opposites are forced to collaborate on a dream project.
s276,TV Show,The Social Dilemma Series 6,,"Mahershala Ali, Penélope Cruz, Robert De Niro",Mexico,"July 6, 2019",2019,TV-Y7,1 Season,"Korean TV Shows, TV Dramas","A gripping tale of mystery, betrayal, and redemption set against an evocative urban backdrop."
s277,TV Show,The Great British Bake 7,,"Ken Watanabe, Cate Blanchett",,"July 23, 2020",2016,TV-G,1 Season,"TV Comedies, Romantic TV Shows","A witty and satirical look at modern society, ambition, and the pursuit of artistic success."
s278,Movie,A Journey Through Time 8,Steven Spielberg,"Cate Blanchett, Ryan Gosling, Michael B. Jordan, Irfan Khan, Leonardo DiCaprio",South Korea,"September 17, 2021",2016,R,106 min,"Children & Family Movies, Comedies","A gripping tale of mystery, betrayal, and redemption set against an evocative urban backdrop."
s279,TV Show,Formula 1: Speed 9,Zoya Akhtar,"Denzel Washington, Deepika Padukone",China,"February 24, 2022",2022,TV-14,2 Seasons,"Reality TV, Romance TV","Set in a dystopian future, a rebellious visionary fights against an oppressive techno-corporation."
s280,TV Show,Wild Wild Country 10,,"Song Kang-ho, Mahershala Ali, Marion Cotillard, Scarlett Johansson, Christian Bale",China,"August 19, 2017",2003,TV-14,1 Season,"Korean TV Shows, TV Dramas",A visually stunning examination of the natural world and the delicate ecosystems sustaining life.
s281,Movie,The Neon Samurai 11,S. S. Rajamouli,"Robert De Niro, Denzel Washington, Joaquin Phoenix",Nigeria,"April 10, 2021",2017,PG,74 min,"Independent Movies, Dramas","Set in a dystopian future, a rebellious visionary fights against an oppressive techno-corporation."
s282,Movie,The Mystic River 12,Lulu Wang,"Leonardo DiCaprio, Nawazuddin Siddiqui, Daniel Day-Lewis, Mahershala Ali",Germany,"July 2, 2016",2002,NR,105 min,"Dramas, International Movies",Laughter and romance collide when two polar opposites are forced to collaborate on a dream project.
s283,Movie,The Golden Mirage 13,Jordan Peele,,"South Korea, United States","June 10, 2018",2018,PG-13,110 min,"Horror Movies, Thrillers","A witty and satirical look at modern society, ambition, and the pursuit of artistic success."
s284,TV Show,Delhi Crime Files 14,,"Lee Jung-jae, Morgan Freeman, Aamir Khan, Amitabh Bachchan, Deepika Padukone","South Korea, United States","December 11, 2022",2016,NR,1 Season,"Korean TV Shows, TV Dramas","Set in a dystopian future, a rebellious visionary fights against an oppressive techno-corporation."
s285,Movie,The Silent Guardian,,"Deepika Padukone, Denzel Washington",Brazil,"June 6, 2021",2015,NR,82 min,"Anime Features, International Movies","In this thrilling sci-fi adventure, intrepid explorers venture beyond known physical limits."
s286,Movie,Chronicles of Mars 1,,"Marion Cotillard, Mahershala Ali, Michael B. Jordan","United States, Canada","February 12, 2019",2019,NR,105 min,"Action & Adventure, Comedies","When a sudden crisis threatens everything they know, an unlikely group must unite to survive."
s287,Movie,The Last Renaissance 2,Damien Chazelle,"Song Kang-ho, Lee Jung-jae",Italy,"March 9, 2017",2001,PG,103 min,"Action & Adventure, Comedies","In this thrilling sci-fi adventure, intrepid explorers venture beyond known physical limits."
s288,Movie,Ghosts of the Metropolis 3,Alfonso Cuarón,"Bae Doona, Meryl Streep, Emma Stone, Song Kang-ho, Brad Pitt",,"July 19, 2021",1996,TV-PG,76 min,"Horror Movies, Thrillers","An inspiring true-life account of resilience, courage, and triumph against overwhelming odds."
s289,Movie,The Deep Blue 4,Alfonso Cuarón,"Shah Rukh Khan, Viola Davis, Marion Cotillard, Gong Yoo",Australia,"August 6, 2020",2005,NR,109 min,"Children & Family Movies, Comedies","A heartwarming story exploring the delicate bonds of family, friendship, and cultural identity."
s290,TV Show,Making a Murderer Files 5,Wes Anderson,"Mahershala Ali, Morgan Freeman",Brazil,"June 5, 2021",2015,TV-14,1 Season,"Crime TV Shows, Docuseries","A gripping tale of mystery, betrayal, and redemption set against an evocative urban backdrop."
s291,Movie,Velvet Dreams 6,Greta Gerwig,,"United States, Canada","May 25, 2023",2019,PG,114 min,"Documentaries, Sports Movies","An inspiring true-life account of resilience, courage, and triumph against overwhelming odds."
s292,TV Show,The Last Kingdom Saga 7,,"Morgan Freeman, Scarlett Johansson",Italy,"June 3, 2023",2018,TV-14,1 Season,"Kids' TV, TV Comedies",An insightful documentary uncovering the hidden truths behind an extraordinary global phenomenon.
s293,Movie,Labyrinth of Memories 8,Stanley Kubrick,"Denzel Washington, Deepika Padukone, Aamir Khan, Tom Hanks",China,"May 12, 2020",2020,NR,125 min,"Comedies, Romantic Movies","In this thrilling sci-fi adventure, intrepid explorers venture beyond known physical limits."
s294,Movie,Subway Stories 9,Federico Fellini,"Morgan Freeman, Cate Blanchett, Tom Hanks, Penélope Cruz, Ryan Gosling","United States, Canada","February 1, 2022",2009,G,125 min,"Action & Adventure, Sci-Fi & Fantasy","Set in a dystopian future, a rebellious visionary fights against an oppressive techno-corporation."
s295,Movie,The Golden Compass of Cairo 10,,"Ken Watanabe, Robert De Niro, Ryan Gosling, Lee Jung-jae",United States,"February 21, 2023",2019,PG,71 min,"Horror Movies, Thrillers",Dark secrets resurface when a long-forgotten cold case is reopened by ambitious young investigators.
s296,Movie,Echoes of Freedom 11,,"Deepika Padukone, Gong Yoo",Spain,"June 17, 2022",2022,TV-14,81 min,"Action & Adventure, Sci-Fi & Fantasy","An inspiring true-life account of resilience, courage, and triumph against overwhelming odds."
s297,Movie,Vanguard of Peace 12,,"Deepika Padukone, Irfan Khan, Michael B. Jordan, Denzel Washington","United States, Canada","November 6, 2019",2016,PG,113 min,"Classic Movies, Dramas",A brilliant detective unravels a complex web of deceit in this high-stakes psychological drama.
s298,TV Show,Formula 1: Speed 13,Damien Chazelle,,France,"August 14, 2021",2019,TV-MA,1 Season,"British TV Shows, Docuseries","In this thrilling sci-fi adventure, intrepid explorers venture beyond known physical limits."
s299,TV Show,Cyberpunk: Edgerunners 14,,"Irfan Khan, Lee Jung-jae",Canada,"May 23, 2021",1995,TV-Y,1 Season,"Anime Series, International TV Shows","A heartwarming story exploring the delicate bonds of family, friendship, and cultural identity."
s300,Movie,Iron Will,,"Marion Cotillard, Ryan Gosling, Morgan Freeman",United Kingdom,"January 25, 2017",2016,R,113 min,"Comedies, Romantic Movies","A gripping tale of mystery, betrayal, and redemption set against an evocative urban backdrop."
s301,Movie,Starlight Symphony 1,Steven Spielberg,,Canada,"March 22, 2019",1986,TV-14,113 min,"Independent Movies, Dramas",A brilliant detective unravels a complex web of deceit in this high-stakes psychological drama.
s302,TV Show,Explained: Everything 2,,"Christian Bale, Leonardo DiCaprio","South Korea, United States","September 1, 2019",2019,TV-14,4 Seasons,Stand-Up Comedy & Talk Shows,A visually stunning examination of the natural world and the delicate ecosystems sustaining life.
s303,Movie,The Mountain's Call 3,"Pedro Almodóvar, Ava DuVernay","Irfan Khan, Scarlett Johansson, Mahershala Ali",Canada,"December 10, 2022",2022,TV-PG,186 min,"Horror Movies, Thrillers","When a sudden crisis threatens everything they know, an unlikely group must unite to survive."
s304,Movie,The Eternal Flame 4,Jean-Luc Godard,"Emma Stone, Nawazuddin Siddiqui, Song Kang-ho, Brad Pitt, Gong Yoo",Brazil,"July 15, 2022",2022,TV-MA,114 min,"Action & Adventure, Sci-Fi & Fantasy",Laughter and romance collide when two polar opposites are forced to collaborate on a dream project.
s305,Movie,The Secret Alchemist 5,Wes Anderson,,Mexico,"April 27, 2021",2021,TV-14,126 min,"Documentaries, Sports Movies","A witty and satirical look at modern society, ambition, and the pursuit of artistic success."
s306,Movie,Secrets of the Bayou 6,Zoya Akhtar,"Lee Jung-jae, Christian Bale, Scarlett Johansson","United States, United Kingdom","February 24, 2017",2017,PG-13,122 min,"Action & Adventure, Sci-Fi & Fantasy",Laughter and romance collide when two polar opposites are forced to collaborate on a dream project.
s307,Movie,The Final Hour 7,"David Fincher, Zoya Akhtar","Emma Stone, Ken Watanabe, Viola Davis","United Kingdom, United States","February 13, 2022",2015,TV-G,116 min,"Horror Movies, Thrillers","A gripping tale of mystery, betrayal, and redemption set against an evocative urban backdrop."
s308,Movie,The Final Hour 8,Federico Fellini,"Ken Watanabe, Scarlett Johansson, Gong Yoo, Shah Rukh Khan, Denzel Washington","United States, United Kingdom","May 11, 2021",2021,PG,95 min,"Action & Adventure, Comedies",A brilliant detective unravels a complex web of deceit in this high-stakes psychological drama.
s309,TV Show,The Crowned Royals 9,Ava DuVernay,,Brazil,"April 8, 2019",2015,TV-G,1 Season,"TV Action & Adventure, Sci-Fi & Fantasy","When a sudden crisis threatens everything they know, an unlikely group must unite to survive."
s310,Movie,Winter's Embrace 10,,"Irfan Khan, Joaquin Phoenix, Meryl Streep, Gong Yoo, Mahershala Ali",Italy,"February 23, 2023",2016,NR,118 min,"Documentaries, Sports Movies","A witty and satirical look at modern society, ambition, and the pursuit of artistic success."
s311,Movie,The Alabaster Box 11,David Fincher,"Emma Stone, Viola Davis, Denzel Washington","India, United States","December 28, 2018",2018,TV-14,84 min,"Comedies, Romantic Movies","An inspiring true-life account of resilience, courage, and triumph against overwhelming odds."
s312,Movie,Mirage in the Desert 12,"Park Chan-wook, Federico Fellini","Song Kang-ho, Irfan Khan, Aamir Khan, Viola Davis",Nigeria,"November 23, 2017",2017,TV-G,96 min,Documentaries,"A witty and satirical look at modern society, ambition, and the pursuit of artistic success."
s313,TV Show,The Sandman Awakens 13,,"Denzel Washington, Song Kang-ho, Deepika Padukone, Lee Jung-jae, Tom Hanks","Australia, United States","July 11, 2022",2019,TV-G,1 Season,"Docuseries, Science & Nature TV",An insightful documentary uncovering the hidden truths behind an extraordinary global phenomenon.
s314,Movie,Breeze of the Himalayas 14,Jordan Peele,,Germany,"July 21, 2022",2007,TV-14,91 min,"Action & Adventure, Sci-Fi & Fantasy","A gripping tale of mystery, betrayal, and redemption set against an evocative urban backdrop."
s315,TV Show,Too Hot to Touch,,"Ken Watanabe, Meryl Streep",,"July 12, 2017",2004,TV-Y7,4 Seasons,Stand-Up Comedy & Talk Shows,"A heartwarming story exploring the delicate bonds of family, friendship, and cultural identity."
s316,Movie,The Forgotten Melody 1,Taika Waititi,"Daniel Day-Lewis, Scarlett Johansson",Mexico,"July 7, 2021",2021,TV-14,103 min,"Horror Movies, Thrillers",Laughter and romance collide when two polar opposites are forced to collaborate on a dream project.
s317,Movie,The Hidden Code 2,Guillermo del Toro,"Gong Yoo, Daniel Day-Lewis, Joaquin Phoenix, Tom Hanks, Deepika Padukone",Brazil,"December 22, 2016",2014,R,152 min,"Children & Family Movies, Comedies","Set in a dystopian future, a rebellious visionary fights against an oppressive techno-corporation."
s318,Movie,The Golden Mirage 3,Guillermo del Toro,"Bae Doona, Priyanka Chopra, Leonardo DiCaprio",Italy,"April 10, 2017",1989,TV-G,60 min,Music & Musicals,A brilliant detective unravels a complex web of deceit in this high-stakes psychological drama.
s319,TV Show,BoJack's Redemption 4,Denis Villeneuve,"Gong Yoo, Irfan Khan, Lupita Nyong'o, Nawazuddin Siddiqui, Christian Bale","South Korea, United States","July 20, 2021",2016,TV-PG,1 Season,"International TV Shows, TV Dramas, TV Mysteries","A gripping tale of mystery, betrayal, and redemption set against an evocative urban backdrop."
s320,Movie,The Mountain's Call 5,"Stanley Kubrick, James Cameron","Cate Blanchett, Scarlett Johansson, Shah Rukh Khan, Daniel Day-Lewis","Spain, France","August 16, 2021",1993,PG,117 min,Music & Musicals,"An inspiring true-life account of resilience, courage, and triumph against overwhelming odds."
s321,TV Show,Lupin's Gambit 6,,"Priyanka Chopra, Marion Cotillard, Meryl Streep, Cate Blanchett, Lee Jung-jae","South Korea, United States","October 9, 2022",2009,TV-14,4 Seasons,"Crime TV Shows, Docuseries","A gripping tale of mystery, betrayal, and redemption set against an evocative urban backdrop."
s322,Movie,The Neon Samurai 7,Spike Lee,"Joaquin Phoenix, Emma Stone, Ken Watanabe",China,"July 6, 2019",1989,TV-14,66 min,"Children & Family Movies, Comedies","In this thrilling sci-fi adventure, intrepid explorers venture beyond known physical limits."
s323,TV Show,Sweet Home Hunters 8,,"Leonardo DiCaprio, Gong Yoo",Mexico,"December 14, 2022",2003,TV-MA,1 Season,"International TV Shows, TV Dramas, TV Mysteries",A brilliant detective unravels a complex web of deceit in this high-stakes psychological drama.
s324,Movie,Song of the Prairie 9,Steven Spielberg,,Italy,"March 18, 2021",2021,PG,91 min,"Classic Movies, Dramas",A visually stunning examination of the natural world and the delicate ecosystems sustaining life.
s325,TV Show,Black Mirrors 10,,"Tom Hanks, Viola Davis, Scarlett Johansson, Mahershala Ali, Robert De Niro","United States, United Kingdom","May 9, 2022",1991,TV-PG,1 Season,"Docuseries, Science & Nature TV","A heartwarming story exploring the delicate bonds of family, friendship, and cultural identity."
s326,TV Show,Rotten Truths 11,Jean-Luc Godard,,Germany,"March 23, 2022",2022,TV-Y7,1 Season,"Anime Series, International TV Shows",Dark secrets resurface when a long-forgotten cold case is reopened by ambitious young investigators.
s327,Movie,Fading Shadows 12,Guillermo del Toro,"Emma Stone, Amitabh Bachchan, Shah Rukh Khan",Spain,"September 25, 2018",2018,TV-MA,125 min,Documentaries,A visually stunning examination of the natural world and the delicate ecosystems sustaining life.
s328,TV Show,The Crowned Royals 13,,"Aamir Khan, Deepika Padukone",Canada,"December 22, 2023",2001,TV-PG,1 Season,"International TV Shows, TV Dramas, TV Mysteries",A brilliant detective unravels a complex web of deceit in this high-stakes psychological drama.
s329,Movie,Labyrinth of Memories 14,Alfonso Cuarón,"Emma Stone, Mahershala Ali","Australia, United States","July 9, 2021",2021,G,103 min,"Comedies, Romantic Movies","A gripping tale of mystery, betrayal, and redemption set against an evocative urban backdrop."
s330,Movie,Tides of Fortune,,"Scarlett Johansson, Ryan Gosling, Ken Watanabe","Australia, United States","June 22, 2018",2010,R,78 min,"Horror Movies, Thrillers",A visually stunning examination of the natural world and the delicate ecosystems sustaining life.
s331,Movie,The Copper Basin 1,"Federico Fellini, Damien Chazelle","Nawazuddin Siddiqui, Cate Blanchett, Robert De Niro, Lupita Nyong'o, Lee Jung-jae","Spain, France","September 21, 2023",2017,TV-G,86 min,Stand-Up Comedy,"When a sudden crisis threatens everything they know, an unlikely group must unite to survive."
s332,Movie,Parallel Realities 2,Park Chan-wook,"Emma Stone, Denzel Washington, Brad Pitt, Robert De Niro, Christian Bale",China,"May 19, 2021",2019,TV-MA,116 min,"Anime Features, International Movies","A witty and satirical look at modern society, ambition, and the pursuit of artistic success."
s333,TV Show,Sacred Games of Bombay 3,,,Australia,"October 26, 2023",2022,NR,2 Seasons,"Kids' TV, TV Comedies","A heartwarming story exploring the delicate bonds of family, friendship, and cultural identity."
s334,TV Show,Cobra Strike 4,"Martin Scorsese, Christopher Nolan","Shah Rukh Khan, Gong Yoo",Italy,"May 20, 2023",1999,TV-G,2 Seasons,Stand-Up Comedy & Talk Shows,"A witty and satirical look at modern society, ambition, and the pursuit of artistic success."
s335,Movie,Solar Flare 5,,"Song Kang-ho, Meryl Streep","Spain, France","November 28, 2022",2018,TV-14,85 min,"Documentaries, Sports Movies",A visually stunning examination of the natural world and the delicate ecosystems sustaining life.
s336,Movie,Fading Shadows 6,,"Ken Watanabe, Gong Yoo, Meryl Streep, Bae Doona, Daniel Day-Lewis","India, United States","February 21, 2016",2005,G,106 min,"Action & Adventure, Comedies",A visually stunning examination of the natural world and the delicate ecosystems sustaining life.
s337,Movie,The Deep Blue 7,"Stanley Kubrick, Zoya Akhtar","Marion Cotillard, Denzel Washington, Meryl Streep, Nawazuddin Siddiqui, Mahershala Ali",Spain,"August 20, 2017",2007,G,103 min,"Dramas, International Movies","A heartwarming story exploring the delicate bonds of family, friendship, and cultural identity."
s338,Movie,The Celestial Sphere 8,Chloe Zhao,"Morgan Freeman, Emma Stone, Priyanka Chopra, Irfan Khan, Deepika Padukone",Japan,"November 16, 2019",2019,TV-G,87 min,"Comedies, Romantic Movies",Laughter and romance collide when two polar opposites are forced to collaborate on a dream project.
s339,Movie,A Journey Through Time 9,,,,"September 2, 2018",2002,TV-MA,149 min,"Independent Movies, Dramas","In this thrilling sci-fi adventure, intrepid explorers venture beyond known physical limits."
s340,Movie,The Architect of Dreams 10,Steven Spielberg,"Tom Hanks, Christian Bale, Denzel Washington, Bae Doona",Canada,"September 2, 2017",1999,TV-MA,115 min,"Action & Adventure, Comedies","In this thrilling sci-fi adventure, intrepid explorers venture beyond known physical limits."
s341,Movie,Ghosts of the Metropolis 11,Zoya Akhtar,"Tom Hanks, Deepika Padukone",France,"July 25, 2023",2018,TV-G,57 min,"Thrillers, International Movies",An insightful documentary uncovering the hidden truths behind an extraordinary global phenomenon.
s342,Movie,Visions of Tomorrow 12,Jordan Peele,"Marion Cotillard, Morgan Freeman, Nawazuddin Siddiqui, Irfan Khan, Lee Jung-jae","United States, Canada",,2000,TV-MA,106 min,"Comedies, Romantic Movies",A brilliant detective unravels a complex web of deceit in this high-stakes psychological drama.
s343,TV Show,Bridgerton Society 13,,"Tom Hanks, Denzel Washington","South Korea, United States","July 22, 2022",1989,TV-G,2 Seasons,"Anime Series, International TV Shows","A gripping tale of mystery, betrayal, and redemption set against an evocative urban backdrop."
s344,TV Show,Planet Earth Chronicles 14,Jean-Luc Godard,"Michael B. Jordan, Aamir Khan, Song Kang-ho, Ryan Gosling, Cate Blanchett",,"April 3, 2020",2017,TV-PG,2 Seasons,"TV Comedies, Romantic TV Shows","A gripping tale of mystery, betrayal, and redemption set against an evocative urban backdrop."
s345,TV Show,Drive to Survive: Season Review,,"Nawazuddin Siddiqui, Scarlett Johansson, Denzel Washington, Deepika Padukone","United States, Canada","August 10, 2017",2015,,1 Season,"Kids' TV, TV Comedies",Dark secrets resurface when a long-forgotten cold case is reopened by ambitious young investigators.
s346,Movie,The Forgotten Kingdom 1,Spike Lee,"Morgan Freeman, Priyanka Chopra, Daniel Day-Lewis, Christian Bale","India, United States","February 5, 2023",2020,TV-MA,87 min,"Comedies, Romantic Movies","A gripping tale of mystery, betrayal, and redemption set against an evocative urban backdrop."
s347,Movie,Shattered Reflections 2,Stanley Kubrick,"Viola Davis, Ken Watanabe, Nawazuddin Siddiqui, Bae Doona, Irfan Khan",France,"March 23, 2023",2022,R,120 min,"Horror Movies, Thrillers",A visually stunning examination of the natural world and the delicate ecosystems sustaining life.
s348,Movie,Letters from Paris 3,Akira Kurosawa,,Australia,"June 10, 2017",2017,TV-G,84 min,"Dramas, International Movies","A heartwarming story exploring the delicate bonds of family, friendship, and cultural identity."
s349,Movie,Echoes of Silence 4,Anurag Kashyap,"Leonardo DiCaprio, Scarlett Johansson, Michael B. Jordan, Brad Pitt, Robert De Niro","India, United States","July 16, 2022",2022,PG,99 min,"Documentaries, Sports Movies","A heartwarming story exploring the delicate bonds of family, friendship, and cultural identity."
s350,Movie,Labyrinth of Memories 5,"Alejandro G. Iñárritu, Denis Villeneuve","Priyanka Chopra, Marion Cotillard, Aamir Khan, Lupita Nyong'o, Robert De Niro",Nigeria,"December 1, 2018",2016,TV-14,113 min,"Classic Movies, Dramas","A witty and satirical look at modern society, ambition, and the pursuit of artistic success."
s351,Movie,Arctic Expedition 6,Quentin Tarantino,"Gong Yoo, Meryl Streep, Scarlett Johansson","United Kingdom, United States","April 8, 2020",2015,TV-G,121 min,"Comedies, Romantic Movies","Set in a dystopian future, a rebellious visionary fights against an oppressive techno-corporation."
s352,Movie,The Last Frontier 7,Chloe Zhao,"Meryl Streep, Mahershala Ali, Priyanka Chopra, Viola Davis, Cate Blanchett",Canada,"March 9, 2019",2019,G,75 min,Music & Musicals,"A heartwarming story exploring the delicate bonds of family, friendship, and cultural identity."
s353,TV Show,Kingdom of Shadows 8,,,Mexico,"July 27, 2020",2020,TV-14,2 Seasons,"Korean TV Shows, TV Dramas","In this thrilling sci-fi adventure, intrepid explorers venture beyond known physical limits."
s354,TV Show,House of Cards Collapse 9,Alejandro G. Iñárritu,"Brad Pitt, Gong Yoo, Meryl Streep, Irfan Khan, Marion Cotillard",United States,"September 21, 2019",2016,TV-Y7,1 Season,"Spanish-Language TV Shows, TV Dramas","Set in a dystopian future, a rebellious visionary fights against an oppressive techno-corporation."
s355,TV Show,Sweet Home Hunters 10,,"Nawazuddin Siddiqui, Bae Doona, Robert De Niro",,"January 2, 2019",2019,TV-Y,1 Season,"Spanish-Language TV Shows, TV Dramas",Laughter and romance collide when two polar opposites are forced to collaborate on a dream project.
s356,TV Show,The Queen's Checkmate 11,,"Shah Rukh Khan, Brad Pitt",Italy,"July 7, 2020",2017,TV-PG,3 Seasons,"Anime Series, International TV Shows","A witty and satirical look at modern society, ambition, and the pursuit of artistic success."
s357,TV Show,Wednesday's Shadow 12,,"Lupita Nyong'o, Penélope Cruz, Lee Jung-jae, Meryl Streep",France,"January 1, 2023",2015,TV-G,2 Seasons,"Docuseries, Science & Nature TV","Set in a dystopian future, a rebellious visionary fights against an oppressive techno-corporation."
s358,TV Show,Love is Blind Society 13,,,"Japan, United States","July 27, 2021",2016,NR,2 Seasons,Stand-Up Comedy & Talk Shows,"A gripping tale of mystery, betrayal, and redemption set against an evocative urban backdrop."
s359,Movie,Arctic Expedition 14,Martin Scorsese,"Song Kang-ho, Cate Blanchett, Ryan Gosling, Marion Cotillard","United States, United Kingdom","January 7, 2019",2007,TV-MA,94 min,"Action & Adventure, Comedies",An insightful documentary uncovering the hidden truths behind an extraordinary global phenomenon.
s360,Movie,The Deep Blue,,"Brad Pitt, Morgan Freeman, Viola Davis",Germany,"November 1, 2019",1988,NR,91 min,"Independent Movies, Dramas",An insightful documentary uncovering the hidden truths behind an extraordinary global phenomenon.
s361,TV Show,Stranger Encounters 1,Quentin Tarantino,"Nawazuddin Siddiqui, Irfan Khan, Joaquin Phoenix, Scarlett Johansson",Nigeria,"January 9, 2019",2015,TV-PG,1 Season,"Kids' TV, TV Comedies",A brilliant detective unravels a complex web of deceit in this high-stakes psychological drama.
s362,Movie,Beyond the Infinite 2,Federico Fellini,"Song Kang-ho, Shah Rukh Khan, Lupita Nyong'o","Spain, France","July 26, 2023",2015,TV-PG,87 min,"Action & Adventure, Comedies",An insightful documentary uncovering the hidden truths behind an extraordinary global phenomenon.
s363,Movie,Secrets of the Serengeti 3,Jordan Peele,"Christian Bale, Bae Doona, Scarlett Johansson, Cate Blanchett, Denzel Washington",Italy,"January 26, 2018",2016,G,140 min,"Comedies, Romantic Movies","When a sudden crisis threatens everything they know, an unlikely group must unite to survive."
s364,Movie,Ghosts of the Metropolis 4,Akira Kurosawa,"Lee Jung-jae, Priyanka Chopra",China,"August 17, 2016",1990,TV-MA,110 min,"Dramas, International Movies","An inspiring true-life account of resilience, courage, and triumph against overwhelming odds."
s365,Movie,Arctic Expedition 5,"Taika Waititi, Pedro Almodóvar","Amitabh Bachchan, Daniel Day-Lewis, Morgan Freeman, Robert De Niro, Denzel Washington","India, United States","October 18, 2020",2020,TV-14,74 min,"Independent Movies, Dramas",A brilliant detective unravels a complex web of deceit in this high-stakes psychological drama.
s366,TV Show,Emily's Paris Adventures 6,,"Daniel Day-Lewis, Denzel Washington",South Korea,"June 7, 2017",1986,TV-Y7,1 Season,"Anime Series, International TV Shows","An inspiring true-life account of resilience, courage, and triumph against overwhelming odds."
s367,Movie,The Final Hour 7,Satyajit Ray,"Ken Watanabe, Marion Cotillard","Spain, France","October 7, 2023",2018,TV-PG,122 min,"Documentaries, Sports Movies",Dark secrets resurface when a long-forgotten cold case is reopened by ambitious young investigators.
s368,Movie,Midnight Echoes 8,"Martin Scorsese, Guillermo del Toro","Song Kang-ho, Deepika Padukone, Robert De Niro, Meryl Streep, Emma Stone",Spain,"March 7, 2020",2020,TV-MA,148 min,"Dramas, International Movies","A witty and satirical look at modern society, ambition, and the pursuit of artistic success."
s369,Movie,Fading Shadows 9,Satyajit Ray,"Shah Rukh Khan, Nawazuddin Siddiqui, Brad Pitt, Scarlett Johansson",France,"June 20, 2021",2006,PG-13,124 min,"Documentaries, Sports Movies","An inspiring true-life account of resilience, courage, and triumph against overwhelming odds."
s370,TV Show,Money & Power 10,Quentin Tarantino,"Morgan Freeman, Ken Watanabe, Penélope Cruz, Cate Blanchett","Japan, United States","November 25, 2022",2017,TV-Y7,1 Season,Stand-Up Comedy & Talk Shows,A brilliant detective unravels a complex web of deceit in this high-stakes psychological drama.
s371,Movie,Wings of Steel 11,Steven Spielberg,"Bae Doona, Daniel Day-Lewis, Aamir Khan",China,"May 18, 2021",2014,TV-14,68 min,"Horror Movies, Thrillers","Set in a dystopian future, a rebellious visionary fights against an oppressive techno-corporation."
s372,Movie,Sunset Boulevard Memories 12,Jean-Luc Godard,"Deepika Padukone, Ken Watanabe, Mahershala Ali, Joaquin Phoenix, Priyanka Chopra",,"June 3, 2019",2019,NR,91 min,Music & Musicals,"When a sudden crisis threatens everything they know, an unlikely group must unite to survive."
s373,TV Show,Mindful Hunters 13,,"Lupita Nyong'o, Song Kang-ho, Viola Davis","Japan, United States","December 24, 2018",2009,NR,1 Season,"Anime Series, International TV Shows",Laughter and romance collide when two polar opposites are forced to collaborate on a dream project.
s374,TV Show,Rotten Truths 14,,"Aamir Khan, Marion Cotillard, Penélope Cruz","United States, Canada","June 26, 2023",2022,TV-Y7,2 Seasons,Stand-Up Comedy & Talk Shows,Laughter and romance collide when two polar opposites are forced to collaborate on a dream project.
s375,Movie,Letters from Paris,,"Ryan Gosling, Leonardo DiCaprio, Ken Watanabe",Brazil,"November 25, 2022",2021,NR,129 min,"Children & Family Movies, Comedies",A brilliant detective unravels a complex web of deceit in this high-stakes psychological drama.
s376,Movie,Chronicles of the Lost City 1,Chloe Zhao,"Priyanka Chopra, Penélope Cruz, Aamir Khan, Brad Pitt, Song Kang-ho",Mexico,"February 6, 2022",2022,PG-13,86 min,"Action & Adventure, Comedies",Dark secrets resurface when a long-forgotten cold case is reopened by ambitious young investigators.
s377,Movie,The Clockwork Heart 2,,"Penélope Cruz, Marion Cotillard, Emma Stone, Brad Pitt",Brazil,"July 13, 2021",2017,NR,111 min,Stand-Up Comedy,A visually stunning examination of the natural world and the delicate ecosystems sustaining life.
s378,Movie,Mirage in the Desert 3,,"Gong Yoo, Shah Rukh Khan, Ryan Gosling, Song Kang-ho, Lee Jung-jae",United States,"October 26, 2022",2013,TV-G,119 min,"Horror Movies, Thrillers",A visually stunning examination of the natural world and the delicate ecosystems sustaining life.
s379,TV Show,Money & Power 4,,"Ryan Gosling, Aamir Khan, Amitabh Bachchan, Irfan Khan","France, Germany","November 6, 2022",2022,TV-G,4 Seasons,"Kids' TV, TV Comedies","A heartwarming story exploring the delicate bonds of family, friendship, and cultural identity."
s380,Movie,Ghosts of the Metropolis 5,"Hayao Miyazaki, Zoya Akhtar","Deepika Padukone, Brad Pitt","United States, Canada","May 7, 2018",2007,TV-MA,81 min,Music & Musicals,Dark secrets resurface when a long-forgotten cold case is reopened by ambitious young investigators.
s381,Movie,Secrets of the Serengeti 6,Stanley Kubrick,,"South Korea, United States","August 15, 2023",2011,R,100 min,"Anime Features, International Movies",A visually stunning examination of the natural world and the delicate ecosystems sustaining life.
s382,TV Show,Sacred Games of Bombay 7,,"Amitabh Bachchan, Emma Stone","Australia, United States","November 9, 2016",2016,TV-14,2 Seasons,"Spanish-Language TV Shows, TV Dramas","Set in a dystopian future, a rebellious visionary fights against an oppressive techno-corporation."
s383,Movie,Shadows in the Mist 8,Bong Joon-ho,"Bae Doona, Denzel Washington, Leonardo DiCaprio, Priyanka Chopra",Germany,"February 1, 2019",2018,TV-PG,50 min,"Action & Adventure, Comedies","In this thrilling sci-fi adventure, intrepid explorers venture beyond known physical limits."
s384,Movie,Ocean's Melody 9,Wes Anderson,"Irfan Khan, Christian Bale",Mexico,"September 13, 2019",2018,R,79 min,"Comedies, Romantic Movies",A brilliant detective unravels a complex web of deceit in this high-stakes psychological drama.
s385,Movie,Chronicles of the Wind 10,Satyajit Ray,"Deepika Padukone, Robert De Niro, Brad Pitt, Penélope Cruz","France, Germany","May 4, 2018",2016,G,96 min,Music & Musicals,Dark secrets resurface when a long-forgotten cold case is reopened by ambitious young investigators.
s386,Movie,Echoes of Freedom 11,Lulu Wang,,,"September 19, 2019",2008,PG-13,74 min,"Independent Movies, Dramas","When a sudden crisis threatens everything they know, an unlikely group must unite to survive."
s387,TV Show,Rotten Truths 12,,,"United States, United Kingdom","April 21, 2022",2017,TV-Y,6 Seasons,"Reality TV, Romance TV",Dark secrets resurface when a long-forgotten cold case is reopened by ambitious young investigators.
s388,Movie,The Obsidian Tower 13,Akira Kurosawa,"Meryl Streep, Marion Cotillard, Lupita Nyong'o, Daniel Day-Lewis",India,"October 28, 2019",1987,TV-G,137 min,Music & Musicals,"A gripping tale of mystery, betrayal, and redemption set against an evocative urban backdrop."
s389,Movie,Arctic Expedition 14,,"Morgan Freeman, Cate Blanchett, Amitabh Bachchan",South Korea,"December 15, 2022",2016,R,70 min,Stand-Up Comedy,"A heartwarming story exploring the delicate bonds of family, friendship, and cultural identity."
s390,Movie,Edge of the Horizon,S. S. Rajamouli,"Cate Blanchett, Deepika Padukone, Aamir Khan, Priyanka Chopra, Shah Rukh Khan",China,"August 1, 2021",2021,TV-MA,92 min,"Documentaries, Sports Movies",An insightful documentary uncovering the hidden truths behind an extraordinary global phenomenon.
s391,Movie,The Sapphire Shore 1,,"Lee Jung-jae, Emma Stone, Priyanka Chopra, Gong Yoo",,,2022,TV-PG,104 min,"Horror Movies, Thrillers",Laughter and romance collide when two polar opposites are forced to collaborate on a dream project.
s392,TV Show,The Social Dilemma Series 2,,"Irfan Khan, Robert De Niro",Canada,"July 9, 2019",2017,TV-PG,1 Season,"Reality TV, Romance TV","A witty and satirical look at modern society, ambition, and the pursuit of artistic success."
s393,Movie,Chronicles of the Wind 3,Jordan Peele,"Deepika Padukone, Meryl Streep","Spain, France","May 8, 2022",2022,PG,133 min,"Dramas, International Movies","When a sudden crisis threatens everything they know, an unlikely group must unite to survive."
s394,Movie,Flight Across the Atlantic 4,Denis Villeneuve,"Nawazuddin Siddiqui, Shah Rukh Khan, Viola Davis","United States, Canada","December 14, 2020",1992,TV-MA,70 min,"Comedies, Romantic Movies","A witty and satirical look at modern society, ambition, and the pursuit of artistic success."
s395,TV Show,Ragnarok Rising 5,,"Ryan Gosling, Leonardo DiCaprio, Shah Rukh Khan, Ken Watanabe, Christian Bale",,"December 14, 2021",2021,TV-G,1 Season,"Reality TV, Romance TV","A heartwarming story exploring the delicate bonds of family, friendship, and cultural identity."
s396,Movie,The Copper Basin 6,Quentin Tarantino,"Viola Davis, Irfan Khan, Bae Doona","France, Germany","May 3, 2017",2017,TV-PG,127 min,"Dramas, International Movies","An inspiring true-life account of resilience, courage, and triumph against overwhelming odds."
s397,Movie,Echoes of Freedom 7,,,United States,"April 17, 2017",2015,NR,102 min,"Documentaries, Sports Movies",An insightful documentary uncovering the hidden truths behind an extraordinary global phenomenon.
s398,Movie,Secrets of the Serengeti 8,Chloe Zhao,"Deepika Padukone, Aamir Khan, Priyanka Chopra",Brazil,"December 13, 2023",1980,PG,80 min,"Dramas, International Movies","An inspiring true-life account of resilience, courage, and triumph against overwhelming odds."
s399,Movie,The Golden Mirage 9,Jean-Luc Godard,"Irfan Khan, Song Kang-ho, Leonardo DiCaprio, Mahershala Ali, Meryl Streep",India,"October 16, 2019",1994,TV-MA,112 min,"Thrillers, International Movies",Laughter and romance collide when two polar opposites are forced to collaborate on a dream project.
s400,TV Show,Dead to Me Truths 10,Bong Joon-ho,"Song Kang-ho, Tom Hanks, Robert De Niro, Morgan Freeman",United Kingdom,"August 4, 2022",2022,TV-14,1 Season,"Spanish-Language TV Shows, TV Dramas",Dark secrets resurface when a long-forgotten cold case is reopened by ambitious young investigators.
s401,Movie,The Silk Road Chronicles 11,,"Priyanka Chopra, Joaquin Phoenix, Marion Cotillard, Viola Davis","Japan, United States","February 26, 2023",2017,TV-MA,106 min,Music & Musicals,A brilliant detective unravels a complex web of deceit in this high-stakes psychological drama.
s402,TV Show,The Social Dilemma Series 12,,"Marion Cotillard, Viola Davis, Scarlett Johansson, Emma Stone, Cate Blanchett",Mexico,"October 12, 2018",2018,TV-Y7,1 Season,"International TV Shows, TV Dramas, TV Mysteries",An insightful documentary uncovering the hidden truths behind an extraordinary global phenomenon.
s403,Movie,Flight Across the Atlantic 13,Damien Chazelle,"Marion Cotillard, Christian Bale, Aamir Khan",,"April 16, 2020",2013,TV-14,88 min,"Action & Adventure, Sci-Fi & Fantasy",Dark secrets resurface when a long-forgotten cold case is reopened by ambitious young investigators.
s404,TV Show,Making a Murderer Files 14,,"Joaquin Phoenix, Gong Yoo",South Korea,"June 5, 2021",2021,TV-G,4 Seasons,"Kids' TV, TV Comedies",Dark secrets resurface when a long-forgotten cold case is reopened by ambitious young investigators.
s405,TV Show,Explained: Everything,,"Ryan Gosling, Shah Rukh Khan, Meryl Streep, Aamir Khan, Lupita Nyong'o","United States, United Kingdom","September 24, 2017",1992,TV-14,2 Seasons,"British TV Shows, Docuseries",Laughter and romance collide when two polar opposites are forced to collaborate on a dream project.
s406,Movie,The Whispering Pines 1,"Park Chan-wook, Satyajit Ray","Bae Doona, Gong Yoo, Emma Stone",South Korea,"June 24, 2018",2018,PG,103 min,Stand-Up Comedy,Laughter and romance collide when two polar opposites are forced to collaborate on a dream project.
s407,Movie,Starlight Symphony 2,,"Denzel Washington, Scarlett Johansson, Lupita Nyong'o",France,"January 4, 2021",2021,PG,93 min,Music & Musicals,Dark secrets resurface when a long-forgotten cold case is reopened by ambitious young investigators.
s408,Movie,Secrets of the Bayou 3,Ava DuVernay,"Deepika Padukone, Leonardo DiCaprio, Scarlett Johansson, Cate Blanchett, Ken Watanabe","United States, Canada","December 24, 2022",2022,G,104 min,"Horror Movies, Thrillers","A witty and satirical look at modern society, ambition, and the pursuit of artistic success."
s409,Movie,Solar Flare 4,,,"United Kingdom, United States","September 27, 2022",2015,TV-G,116 min,"Comedies, Romantic Movies","Set in a dystopian future, a rebellious visionary fights against an oppressive techno-corporation."
s410,Movie,Chronicles of the Wind 5,,"Amitabh Bachchan, Leonardo DiCaprio",Mexico,"November 6, 2019",2017,PG-13,136 min,"Comedies, Romantic Movies","When a sudden crisis threatens everything they know, an unlikely group must unite to survive."
s411,Movie,Chronicles of Mars 6,,"Daniel Day-Lewis, Ryan Gosling",,"March 19, 2023",1989,TV-PG,74 min,"Independent Movies, Dramas","Set in a dystopian future, a rebellious visionary fights against an oppressive techno-corporation."
s412,Movie,The Last Voyage 7,James Cameron,"Morgan Freeman, Penélope Cruz, Michael B. Jordan","Australia, United States","May 13, 2020",2016,TV-G,148 min,"Comedies, Romantic Movies",An insightful documentary uncovering the hidden truths behind an extraordinary global phenomenon.
s413,TV Show,The Umbrella Society 8,,,"Spain, France","October 22, 2021",2018,TV-14,1 Season,"TV Comedies, Romantic TV Shows",A brilliant detective unravels a complex web of deceit in this high-stakes psychological drama.
s414,Movie,Beyond the Infinite 9,S. S. Rajamouli,"Irfan Khan, Brad Pitt",United Kingdom,"March 28, 2020",2020,TV-MA,59 min,Stand-Up Comedy,"In this thrilling sci-fi adventure, intrepid explorers venture beyond known physical limits."
s415,Movie,Iron Will 10,,"Ken Watanabe, Christian Bale, Michael B. Jordan, Emma Stone","France, Germany","June 25, 2018",2015,NR,98 min,"Classic Movies, Dramas","An inspiring true-life account of resilience, courage, and triumph against overwhelming odds."
s416,Movie,Echoes of the Coliseum 11,,,France,"October 24, 2022",2017,TV-PG,114 min,"Anime Features, International Movies","In this thrilling sci-fi adventure, intrepid explorers venture beyond known physical limits."
s417,Movie,The Neon Samurai 12,,"Emma Stone, Joaquin Phoenix, Nawazuddin Siddiqui, Marion Cotillard, Ryan Gosling",United Kingdom,"November 3, 2017",2005,TV-MA,108 min,"Action & Adventure, Sci-Fi & Fantasy","An inspiring true-life account of resilience, courage, and triumph against overwhelming odds."
s418,TV Show,Cyberpunk: Edgerunners 13,Christopher Nolan,"Morgan Freeman, Gong Yoo, Ken Watanabe, Scarlett Johansson, Aamir Khan",,"December 18, 2022",2015,TV-G,2 Seasons,"British TV Shows, Docuseries","A witty and satirical look at modern society, ambition, and the pursuit of artistic success."
s419,Movie,Chasing Tomorrow 14,Spike Lee,"Morgan Freeman, Michael B. Jordan, Denzel Washington, Nawazuddin Siddiqui",Japan,"November 8, 2021",2016,TV-MA,88 min,"Children & Family Movies, Comedies",An insightful documentary uncovering the hidden truths behind an extraordinary global phenomenon.
s420,Movie,  Midnight Echoes  ,Hayao Miyazaki,"Lee Jung-jae, Ken Watanabe",,"May 12, 2022",2022,PG,97 min,Stand-Up Comedy,A brilliant detective unravels a complex web of deceit in this high-stakes psychological drama.
s421,Movie,The Clockwork Heart 1,,"Irfan Khan, Scarlett Johansson, Ken Watanabe",,"June 10, 2022",2007,NR,91 min,"Documentaries, Sports Movies",An insightful documentary uncovering the hidden truths behind an extraordinary global phenomenon.
s422,Movie,The Mountain's Call 2,,"Leonardo DiCaprio, Michael B. Jordan, Song Kang-ho, Scarlett Johansson, Emma Stone",,"March 22, 2020",2020,TV-14,89 min,"Comedies, Romantic Movies",Laughter and romance collide when two polar opposites are forced to collaborate on a dream project.
s423,Movie,The Silent Guardian 3,Stanley Kubrick,"Morgan Freeman, Scarlett Johansson, Christian Bale, Meryl Streep, Tom Hanks",United States,"July 20, 2021",2010,TV-14,120 min,"Children & Family Movies, Comedies",A visually stunning examination of the natural world and the delicate ecosystems sustaining life.
s424,Movie,Desert Mirage 4,,"Joaquin Phoenix, Scarlett Johansson, Viola Davis",Germany,"August 23, 2021",2021,NR,109 min,"Independent Movies, Dramas","A heartwarming story exploring the delicate bonds of family, friendship, and cultural identity."
s425,TV Show,The Great British Bake 5,,"Aamir Khan, Robert De Niro, Joaquin Phoenix",France,"January 13, 2018",2018,TV-G,6 Seasons,"Kids' TV, TV Comedies",A brilliant detective unravels a complex web of deceit in this high-stakes psychological drama.
s426,Movie,The Phantom Lighthouse 6,S. S. Rajamouli,"Irfan Khan, Daniel Day-Lewis, Mahershala Ali, Denzel Washington",United States,"May 16, 2020",2020,G,86 min,"Action & Adventure, Sci-Fi & Fantasy",An insightful documentary uncovering the hidden truths behind an extraordinary global phenomenon.
s427,Movie,The Final Hour 7,,"Lupita Nyong'o, Deepika Padukone, Daniel Day-Lewis",South Korea,"March 21, 2017",2016,R,121 min,Documentaries,Dark secrets resurface when a long-forgotten cold case is reopened by ambitious young investigators.
s428,Movie,Chronicles of Mars 8,Lulu Wang,"Tom Hanks, Robert De Niro, Morgan Freeman","United Kingdom, United States","August 21, 2021",2020,TV-MA,108 min,"Horror Movies, Thrillers",Laughter and romance collide when two polar opposites are forced to collaborate on a dream project.
s429,TV Show,Babylon Berlin Nights 9,,"Emma Stone, Robert De Niro, Denzel Washington","South Korea, United States","November 18, 2023",2021,TV-14,1 Season,"British TV Shows, Docuseries",Laughter and romance collide when two polar opposites are forced to collaborate on a dream project.
s430,Movie,Symphony of Lights 10,,"Penélope Cruz, Leonardo DiCaprio, Lee Jung-jae","Australia, United States","May 23, 2019",2019,R,119 min,"Dramas, International Movies","Set in a dystopian future, a rebellious visionary fights against an oppressive techno-corporation."
s431,Movie,Velvet Dreams 11,Alfonso Cuarón,"Daniel Day-Lewis, Penélope Cruz",United States,"February 23, 2021",2020,PG,115 min,Stand-Up Comedy,"An inspiring true-life account of resilience, courage, and triumph against overwhelming odds."
s432,TV Show,The Great British Bake 12,Spike Lee,"Amitabh Bachchan, Viola Davis, Meryl Streep, Christian Bale","South Korea, United States","August 8, 2019",2019,TV-G,2 Seasons,"Docuseries, Science & Nature TV","A heartwarming story exploring the delicate bonds of family, friendship, and cultural identity."
s433,TV Show,Heartstopper Chronicles 13,,"Ken Watanabe, Amitabh Bachchan",Japan,"November 10, 2022",2022,TV-14,2 Seasons,"Spanish-Language TV Shows, TV Dramas","An inspiring true-life account of resilience, courage, and triumph against overwhelming odds."
s434,Movie,The Phantom Lighthouse 14,,"Christian Bale, Morgan Freeman, Leonardo DiCaprio, Priyanka Chopra, Meryl Streep",United States,"April 25, 2018",1981,PG-13,83 min,"Documentaries, Sports Movies","A gripping tale of mystery, betrayal, and redemption set against an evocative urban backdrop."
s435,Movie,The Eternal Flame,Denis Villeneuve,"Bae Doona, Shah Rukh Khan, Ryan Gosling, Lupita Nyong'o, Gong Yoo",India,"January 27, 2019",2019,TV-MA,89 min,"Classic Movies, Dramas",Laughter and romance collide when two polar opposites are forced to collaborate on a dream project.
s436,TV Show,The Crowned Royals 1,,"Emma Stone, Marion Cotillard, Priyanka Chopra, Scarlett Johansson",Canada,"February 20, 2021",2019,TV-MA,3 Seasons,"Korean TV Shows, TV Dramas","A heartwarming story exploring the delicate bonds of family, friendship, and cultural identity."
s437,Movie,The Iron Fortress 2,,"Emma Stone, Michael B. Jordan, Christian Bale, Joaquin Phoenix","Japan, United States","January 28, 2019",2019,PG,118 min,"Thrillers, International Movies","A heartwarming story exploring the delicate bonds of family, friendship, and cultural identity."
s438,TV Show,Babylon Berlin Nights 3,Guillermo del Toro,"Tom Hanks, Cate Blanchett, Mahershala Ali, Morgan Freeman",Italy,"August 23, 2022",2022,TV-G,1 Season,"Spanish-Language TV Shows, TV Dramas","In this thrilling sci-fi adventure, intrepid explorers venture beyond known physical limits."
s439,Movie,The Last Renaissance 4,Spike Lee,"Marion Cotillard, Cate Blanchett, Daniel Day-Lewis, Deepika Padukone, Leonardo DiCaprio",United States,"February 2, 2022",2022,PG,115 min,"Children & Family Movies, Comedies",A visually stunning examination of the natural world and the delicate ecosystems sustaining life.
s440,TV Show,Descendants of Honor 5,Spike Lee,,"South Korea, United States","December 14, 2021",2021,TV-G,1 Season,"Reality TV, Romance TV","An inspiring true-life account of resilience, courage, and triumph against overwhelming odds."
s441,Movie,The Alabaster Box 6,,"Irfan Khan, Tom Hanks","United States, United Kingdom","July 24, 2023",2019,PG-13,101 min,"Children & Family Movies, Comedies","When a sudden crisis threatens everything they know, an unlikely group must unite to survive."
s442,TV Show,Money Heist: Global 7,,"Leonardo DiCaprio, Aamir Khan, Nawazuddin Siddiqui",Nigeria,"December 8, 2020",2019,TV-MA,1 Season,"TV Comedies, Romantic TV Shows",Dark secrets resurface when a long-forgotten cold case is reopened by ambitious young investigators.
s443,Movie,The Wandering Soul 8,David Fincher,"Gong Yoo, Mahershala Ali, Aamir Khan, Priyanka Chopra, Shah Rukh Khan",,"May 4, 2021",2021,TV-PG,104 min,"Dramas, International Movies","In this thrilling sci-fi adventure, intrepid explorers venture beyond known physical limits."
s444,Movie,Digital Nomads 9,,,South Korea,"May 3, 2019",2015,TV-G,130 min,"Dramas, International Movies","A gripping tale of mystery, betrayal, and redemption set against an evocative urban backdrop."
s445,TV Show,Stranger Encounters 10,Stanley Kubrick,"Aamir Khan, Michael B. Jordan, Morgan Freeman, Christian Bale","Australia, United States","October 26, 2017",2017,NR,1 Season,"TV Comedies, Romantic TV Shows","A heartwarming story exploring the delicate bonds of family, friendship, and cultural identity."
s446,Movie,The Forgotten Kingdom 11,,"Tom Hanks, Shah Rukh Khan, Lupita Nyong'o",France,"January 23, 2022",2020,R,88 min,"Independent Movies, Dramas","An inspiring true-life account of resilience, courage, and triumph against overwhelming odds."
s447,Movie,The Forgotten Kingdom 12,"Christopher Nolan, Greta Gerwig","Cate Blanchett, Ken Watanabe, Christian Bale, Lee Jung-jae",Australia,"June 3, 2021",2019,TV-G,114 min,"Children & Family Movies, Comedies",A visually stunning examination of the natural world and the delicate ecosystems sustaining life.
s448,TV Show,Wednesday's Shadow 13,,"Ken Watanabe, Robert De Niro",Australia,"June 17, 2023",2017,TV-PG,1 Season,"Docuseries, Science & Nature TV","Set in a dystopian future, a rebellious visionary fights against an oppressive techno-corporation."
s449,TV Show,Formula 1: Speed 14,,"Daniel Day-Lewis, Leonardo DiCaprio",Canada,"February 8, 2022",2017,TV-MA,1 Season,"Reality TV, Romance TV","A witty and satirical look at modern society, ambition, and the pursuit of artistic success."
s450,TV Show,Mindful Hunters,,"Nawazuddin Siddiqui, Song Kang-ho, Aamir Khan, Lupita Nyong'o, Brad Pitt","France, Germany","May 15, 2022",2022,TV-Y7,1 Season,"Kids' TV, TV Comedies",A brilliant detective unravels a complex web of deceit in this high-stakes psychological drama.
s451,TV Show,Explained: Everything 1,,"Nawazuddin Siddiqui, Gong Yoo, Penélope Cruz, Denzel Washington",United States,"November 6, 2020",1988,TV-Y7,1 Season,Stand-Up Comedy & Talk Shows,A visually stunning examination of the natural world and the delicate ecosystems sustaining life.
s452,Movie,Secrets of the Bayou 2,Quentin Tarantino,,Mexico,"July 16, 2021",2003,PG,97 min,"Anime Features, International Movies",Laughter and romance collide when two polar opposites are forced to collaborate on a dream project.
s453,Movie,Flight Across the Atlantic 3,James Cameron,,"France, Germany","March 15, 2020",2020,TV-PG,97 min,"Comedies, Romantic Movies","A witty and satirical look at modern society, ambition, and the pursuit of artistic success."
s454,Movie,  Midnight Echoes 4  ,Alfonso Cuarón,"Robert De Niro, Penélope Cruz",South Korea,"April 12, 2022",2017,PG-13,126 min,"Thrillers, International Movies",A brilliant detective unravels a complex web of deceit in this high-stakes psychological drama.
s455,TV Show,Never Have I Ever Known 5,"Zoya Akhtar, Satyajit Ray","Michael B. Jordan, Nawazuddin Siddiqui, Lupita Nyong'o, Scarlett Johansson",Nigeria,"September 14, 2018",2017,TV-G,2 Seasons,"Spanish-Language TV Shows, TV Dramas",An insightful documentary uncovering the hidden truths behind an extraordinary global phenomenon.
s456,TV Show,Crash Landing on Destiny 6,Bong Joon-ho,,,"November 15, 2017",2011,TV-G,1 Season,"Docuseries, Science & Nature TV","In this thrilling sci-fi adventure, intrepid explorers venture beyond known physical limits."
s457,Movie,The Broken Compass 7,,"Michael B. Jordan, Lee Jung-jae","Spain, France","June 26, 2021",2021,TV-14,120 min,"Children & Family Movies, Comedies",Laughter and romance collide when two polar opposites are forced to collaborate on a dream project.
s458,Movie,Subway Stories 8,,,"United States, Canada","October 14, 2018",2005,R,119 min,"Independent Movies, Dramas","A witty and satirical look at modern society, ambition, and the pursuit of artistic success."
s459,Movie,Edge of the Horizon 9,Ava DuVernay,"Aamir Khan, Mahershala Ali, Shah Rukh Khan",Canada,"November 19, 2017",2017,TV-14,130 min,"Action & Adventure, Comedies","Set in a dystopian future, a rebellious visionary fights against an oppressive techno-corporation."
s460,Movie,City Lights at Dawn 10,,"Meryl Streep, Cate Blanchett, Priyanka Chopra",,"March 8, 2022",2022,R,102 min,"Classic Movies, Dramas","In this thrilling sci-fi adventure, intrepid explorers venture beyond known physical limits."
s461,TV Show,House of Cards Collapse 11,S. S. Rajamouli,,United States,"August 20, 2017",2016,TV-PG,3 Seasons,"Crime TV Shows, Docuseries","When a sudden crisis threatens everything they know, an unlikely group must unite to survive."
s462,Movie,Mirage in the Desert 12,Martin Scorsese,"Brad Pitt, Penélope Cruz, Irfan Khan, Priyanka Chopra, Mahershala Ali",Nigeria,"November 19, 2018",2000,TV-MA,117 min,"Thrillers, International Movies",A brilliant detective unravels a complex web of deceit in this high-stakes psychological drama.
s463,Movie,Chronicles of Mars 13,,"Scarlett Johansson, Song Kang-ho, Meryl Streep, Tom Hanks",Brazil,"June 5, 2018",2018,PG,95 min,"Children & Family Movies, Comedies",An insightful documentary uncovering the hidden truths behind an extraordinary global phenomenon.
s464,TV Show,Manifest Destiny 14,,"Ken Watanabe, Nawazuddin Siddiqui, Aamir Khan, Song Kang-ho, Viola Davis","Japan, United States","October 26, 2017",1992,NR,1 Season,Stand-Up Comedy & Talk Shows,A visually stunning examination of the natural world and the delicate ecosystems sustaining life.
s465,Movie,The Iron Fortress,Bong Joon-ho,"Song Kang-ho, Michael B. Jordan, Deepika Padukone, Brad Pitt, Bae Doona",India,"October 27, 2020",2006,NR,109 min,"Thrillers, International Movies",Laughter and romance collide when two polar opposites are forced to collaborate on a dream project.
s466,Movie,Winter's Embrace 1,Jordan Peele,,Brazil,"January 11, 2020",2020,R,99 min,"Horror Movies, Thrillers","An inspiring true-life account of resilience, courage, and triumph against overwhelming odds."
s467,TV Show,Cyberpunk: Edgerunners 2,,"Penélope Cruz, Christian Bale, Joaquin Phoenix","Japan, United States","June 27, 2022",2021,NR,1 Season,"International TV Shows, TV Dramas, TV Mysteries",An insightful documentary uncovering the hidden truths behind an extraordinary global phenomenon.
s468,Movie,Chasing Tomorrow 3,Jordan Peele,"Meryl Streep, Leonardo DiCaprio, Lee Jung-jae, Emma Stone",Italy,"November 1, 2021",2015,G,104 min,"Anime Features, International Movies",An insightful documentary uncovering the hidden truths behind an extraordinary global phenomenon.
s469,TV Show,Orange Horizon 4,,"Denzel Washington, Aamir Khan, Ryan Gosling, Lee Jung-jae, Ken Watanabe",Canada,"April 2, 2016",1983,TV-PG,3 Seasons,Stand-Up Comedy & Talk Shows,Laughter and romance collide when two polar opposites are forced to collaborate on a dream project.
s470,Movie,Island of Dreams 5,Christopher Nolan,"Viola Davis, Robert De Niro",Australia,"May 23, 2022",2020,TV-G,115 min,"Comedies, Romantic Movies","A heartwarming story exploring the delicate bonds of family, friendship, and cultural identity."
s471,Movie,The Whispering Pines 6,Akira Kurosawa,"Daniel Day-Lewis, Gong Yoo",Spain,"February 9, 2022",2022,TV-PG,83 min,"Classic Movies, Dramas","In this thrilling sci-fi adventure, intrepid explorers venture beyond known physical limits."
s472,TV Show,The Queen's Checkmate 7,,,South Korea,"July 7, 2023",2018,NR,1 Season,"British TV Shows, Docuseries","Set in a dystopian future, a rebellious visionary fights against an oppressive techno-corporation."
s473,TV Show,Vincenzo's Vendetta 8,,"Morgan Freeman, Marion Cotillard",Italy,"July 7, 2019",1996,TV-G,1 Season,"Korean TV Shows, TV Dramas","A witty and satirical look at modern society, ambition, and the pursuit of artistic success."
s474,Movie,The Secret Alchemist 9,Satyajit Ray,"Gong Yoo, Bae Doona",Canada,"March 13, 2019",2006,PG-13,148 min,"Horror Movies, Thrillers",An insightful documentary uncovering the hidden truths behind an extraordinary global phenomenon.
s475,Movie,The Broken Compass 10,Anurag Kashyap,"Joaquin Phoenix, Ken Watanabe, Nawazuddin Siddiqui",India,"February 2, 2019",2016,R,79 min,"Comedies, Romantic Movies","Set in a dystopian future, a rebellious visionary fights against an oppressive techno-corporation."
s476,Movie,Desert Mirage 11,Stanley Kubrick,,"South Korea, United States","April 12, 2018",2018,TV-14,75 min,"Anime Features, International Movies","A gripping tale of mystery, betrayal, and redemption set against an evocative urban backdrop."
s477,Movie,The Golden Mirage 12,Jordan Peele,"Shah Rukh Khan, Amitabh Bachchan",Nigeria,"July 11, 2023",2015,TV-MA,127 min,"Action & Adventure, Sci-Fi & Fantasy","A witty and satirical look at modern society, ambition, and the pursuit of artistic success."
s478,Movie,Song of the Prairie 13,Zoya Akhtar,"Scarlett Johansson, Robert De Niro, Meryl Streep, Emma Stone, Marion Cotillard",Japan,"December 11, 2020",1983,NR,119 min,"Children & Family Movies, Comedies","A witty and satirical look at modern society, ambition, and the pursuit of artistic success."
s479,Movie,The Silent Horizon 14,Chloe Zhao,"Scarlett Johansson, Joaquin Phoenix, Meryl Streep, Tom Hanks, Irfan Khan","Japan, United States","October 24, 2019",2000,R,115 min,"Anime Features, International Movies","When a sudden crisis threatens everything they know, an unlikely group must unite to survive."
s480,TV Show,The Great British Bake,,"Amitabh Bachchan, Viola Davis, Michael B. Jordan, Lupita Nyong'o, Aamir Khan",Spain,"October 4, 2021",2015,NR,2 Seasons,"TV Action & Adventure, Sci-Fi & Fantasy","When a sudden crisis threatens everything they know, an unlikely group must unite to survive."
s481,Movie,The Silent Guardian 1,,"Shah Rukh Khan, Ryan Gosling, Ken Watanabe, Emma Stone",,"April 10, 2022",2022,TV-G,115 min,"Children & Family Movies, Comedies","A gripping tale of mystery, betrayal, and redemption set against an evocative urban backdrop."
s482,Movie,Midnight Echoes 2,,"Tom Hanks, Cate Blanchett, Joaquin Phoenix, Song Kang-ho",United Kingdom,"June 8, 2023",2015,G,101 min,Stand-Up Comedy,"When a sudden crisis threatens everything they know, an unlikely group must unite to survive."
s483,TV Show,Chef's Table Worldwide 3,,"Morgan Freeman, Song Kang-ho, Viola Davis, Irfan Khan",Australia,"September 6, 2023",2019,TV-Y7,1 Season,"British TV Shows, Docuseries",A visually stunning examination of the natural world and the delicate ecosystems sustaining life.
s484,Movie,The Silent Guardian 4,Federico Fellini,"Lee Jung-jae, Meryl Streep, Irfan Khan, Cate Blanchett, Morgan Freeman",Australia,"October 18, 2018",2005,PG-13,82 min,"Documentaries, Sports Movies",Laughter and romance collide when two polar opposites are forced to collaborate on a dream project.
s485,Movie,Sunset Boulevard Memories 5,Satyajit Ray,"Denzel Washington, Joaquin Phoenix","Spain, France","October 16, 2020",2016,TV-MA,103 min,"Anime Features, International Movies","An inspiring true-life account of resilience, courage, and triumph against overwhelming odds."
s486,TV Show,Dark Mysteries 6,,"Morgan Freeman, Marion Cotillard, Tom Hanks, Ryan Gosling, Leonardo DiCaprio","France, Germany","January 5, 2017",2016,TV-MA,1 Season,"Crime TV Shows, Docuseries",A visually stunning examination of the natural world and the delicate ecosystems sustaining life.
s487,Movie,The Glass Palace 7,,"Gong Yoo, Amitabh Bachchan, Daniel Day-Lewis, Viola Davis, Bae Doona","France, Germany","March 5, 2017",2017,PG,87 min,"Classic Movies, Dramas",Dark secrets resurface when a long-forgotten cold case is reopened by ambitious young investigators.
s488,Movie,Tales of the Outback 8,,"Deepika Padukone, Joaquin Phoenix, Aamir Khan, Priyanka Chopra, Christian Bale",China,"February 19, 2023",2019,PG-13,123 min,Music & Musicals,"A witty and satirical look at modern society, ambition, and the pursuit of artistic success."
s489,Movie,The Last Frontier 9,Alfonso Cuarón,"Joaquin Phoenix, Leonardo DiCaprio, Shah Rukh Khan, Michael B. Jordan, Penélope Cruz","South Korea, United States","November 5, 2018",2016,TV-PG,98 min,"Horror Movies, Thrillers",Dark secrets resurface when a long-forgotten cold case is reopened by ambitious young investigators.
s490,Movie,Echoes of Freedom 10,David Fincher,"Priyanka Chopra, Gong Yoo, Amitabh Bachchan, Viola Davis, Morgan Freeman","India, United States","February 2, 2022",2009,R,83 min,"Comedies, Romantic Movies","A witty and satirical look at modern society, ambition, and the pursuit of artistic success."
s491,TV Show,Dead to Me Truths 11,,"Christian Bale, Amitabh Bachchan, Priyanka Chopra",China,"January 28, 2017",2004,TV-PG,1 Season,"International TV Shows, TV Dramas, TV Mysteries","A heartwarming story exploring the delicate bonds of family, friendship, and cultural identity."
s492,Movie,The Broken Compass 12,,"Song Kang-ho, Viola Davis, Ken Watanabe",Australia,"September 26, 2022",2017,PG-13,94 min,Music & Musicals,"A witty and satirical look at modern society, ambition, and the pursuit of artistic success."
s493,Movie,The Golden Compass of Cairo 13,Akira Kurosawa,"Lupita Nyong'o, Amitabh Bachchan","Australia, United States","April 19, 2022",2022,TV-PG,111 min,"Independent Movies, Dramas","Set in a dystopian future, a rebellious visionary fights against an oppressive techno-corporation."
s494,TV Show,Wednesday's Shadow 14,,"Cate Blanchett, Morgan Freeman",Australia,"January 20, 2022",2022,NR,4 Seasons,"TV Action & Adventure, Sci-Fi & Fantasy",Laughter and romance collide when two polar opposites are forced to collaborate on a dream project.
s495,Movie,The Forgotten Realm,"Jordan Peele, Park Chan-wook","Scarlett Johansson, Gong Yoo",Spain,"July 9, 2021",2015,PG-13,89 min,"Action & Adventure, Sci-Fi & Fantasy","In this thrilling sci-fi adventure, intrepid explorers venture beyond known physical limits."
s496,TV Show,Descendants of Honor 1,Quentin Tarantino,"Robert De Niro, Michael B. Jordan",China,"March 9, 2023",2016,TV-Y7,1 Season,"Spanish-Language TV Shows, TV Dramas",A brilliant detective unravels a complex web of deceit in this high-stakes psychological drama.
s497,Movie,Neon Genesis Odyssey 2,,,South Korea,"September 16, 2021",2021,PG,83 min,Stand-Up Comedy,Dark secrets resurface when a long-forgotten cold case is reopened by ambitious young investigators.
s498,Movie,The Mountain's Call 3,,"Michael B. Jordan, Song Kang-ho, Lupita Nyong'o, Nawazuddin Siddiqui",Germany,"July 24, 2019",2015,NR,107 min,"Independent Movies, Dramas","A gripping tale of mystery, betrayal, and redemption set against an evocative urban backdrop."
s499,Movie,Island of Dreams 4,,,,"June 12, 2019",2019,TV-14,107 min,"Action & Adventure, Sci-Fi & Fantasy","An inspiring true-life account of resilience, courage, and triumph against overwhelming odds."
s500,Movie,The Last Voyage 5,,"Ken Watanabe, Michael B. Jordan, Marion Cotillard",Australia,"September 9, 2019",1989,TV-MA,90 min,"Dramas, International Movies",A brilliant detective unravels a complex web of deceit in this high-stakes psychological drama.
s501,TV Show,Planet Earth Chronicles 6,,,"United States, Canada","June 24, 2018",2018,TV-14,2 Seasons,"Spanish-Language TV Shows, TV Dramas",A visually stunning examination of the natural world and the delicate ecosystems sustaining life.
s502,Movie,Chronicles of the Lost City 7,,"Cate Blanchett, Denzel Washington, Joaquin Phoenix, Priyanka Chopra",Italy,"April 13, 2019",2015,PG-13,91 min,Music & Musicals,An insightful documentary uncovering the hidden truths behind an extraordinary global phenomenon.
s503,TV Show,Descendants of Honor 8,,"Viola Davis, Penélope Cruz, Meryl Streep, Lupita Nyong'o","France, Germany","February 18, 2021",2021,TV-G,1 Season,"British TV Shows, Docuseries",A visually stunning examination of the natural world and the delicate ecosystems sustaining life.
s504,TV Show,Explained: Everything 9,,"Lee Jung-jae, Daniel Day-Lewis, Morgan Freeman, Leonardo DiCaprio, Joaquin Phoenix",Spain,"June 19, 2020",2018,TV-PG,1 Season,"TV Action & Adventure, Sci-Fi & Fantasy","A witty and satirical look at modern society, ambition, and the pursuit of artistic success."
s505,Movie,Iron Will 10,Taika Waititi,"Lee Jung-jae, Meryl Streep, Bae Doona, Leonardo DiCaprio, Robert De Niro","United States, United Kingdom","January 19, 2022",2018,NR,107 min,"Thrillers, International Movies","When a sudden crisis threatens everything they know, an unlikely group must unite to survive."
s506,Movie,The Silver Lining 11,,"Amitabh Bachchan, Tom Hanks, Denzel Washington","Spain, France","January 18, 2022",2022,TV-14,70 min,"Children & Family Movies, Comedies","A gripping tale of mystery, betrayal, and redemption set against an evocative urban backdrop."
s507,TV Show,Manifest Destiny 12,,,Canada,"September 3, 2022",2022,TV-PG,2 Seasons,"Spanish-Language TV Shows, TV Dramas",Laughter and romance collide when two polar opposites are forced to collaborate on a dream project.
s508,Movie,Under the Tuscan Stars 13,,"Lupita Nyong'o, Irfan Khan, Deepika Padukone, Gong Yoo",Australia,"January 10, 2021",2017,PG-13,71 min,"Comedies, Romantic Movies","An inspiring true-life account of resilience, courage, and triumph against overwhelming odds."
s509,Movie,The Silk Road Chronicles 14,Pedro Almodóvar,"Robert De Niro, Tom Hanks, Priyanka Chopra, Cate Blanchett, Brad Pitt",Germany,"September 26, 2021",2021,NR,86 min,"Classic Movies, Dramas",A visually stunning examination of the natural world and the delicate ecosystems sustaining life.
s510,Movie,Edge of the Horizon,,"Deepika Padukone, Marion Cotillard, Lee Jung-jae",Canada,"June 3, 2022",2022,TV-PG,97 min,Music & Musicals,A visually stunning examination of the natural world and the delicate ecosystems sustaining life.
s511,Movie,Subway Stories 1,,"Daniel Day-Lewis, Irfan Khan, Morgan Freeman",Australia,"July 14, 2017",2016,TV-G,108 min,Music & Musicals,"In this thrilling sci-fi adventure, intrepid explorers venture beyond known physical limits."
s512,TV Show,Stranger Encounters 2,,"Christian Bale, Morgan Freeman, Robert De Niro, Nawazuddin Siddiqui, Meryl Streep",United Kingdom,"June 5, 2022",2021,TV-G,1 Season,"Anime Series, International TV Shows",A brilliant detective unravels a complex web of deceit in this high-stakes psychological drama.
s513,Movie,Island of Dreams 3,,"Bae Doona, Irfan Khan, Nawazuddin Siddiqui, Emma Stone","South Korea, United States","March 1, 2017",2017,TV-G,134 min,Stand-Up Comedy,A brilliant detective unravels a complex web of deceit in this high-stakes psychological drama.
s514,Movie,Echoes of the Coliseum 4,,"Ryan Gosling, Ken Watanabe, Lupita Nyong'o",,"June 13, 2021",2021,PG,120 min,"Dramas, International Movies",Dark secrets resurface when a long-forgotten cold case is reopened by ambitious young investigators.
s515,TV Show,Heartstopper Chronicles 5,,"Christian Bale, Michael B. Jordan, Emma Stone, Shah Rukh Khan",Spain,"May 9, 2018",2018,TV-14,2 Seasons,"TV Comedies, Romantic TV Shows","When a sudden crisis threatens everything they know, an unlikely group must unite to survive."
s516,TV Show,Rotten Truths 6,,"Song Kang-ho, Leonardo DiCaprio",United States,"December 15, 2022",2019,TV-PG,3 Seasons,Stand-Up Comedy & Talk Shows,Dark secrets resurface when a long-forgotten cold case is reopened by ambitious young investigators.
s517,Movie,Rivers of Gold 7,"Alfonso Cuarón, S. S. Rajamouli","Michael B. Jordan, Cate Blanchett",Germany,"September 11, 2020",2020,NR,98 min,Music & Musicals,"When a sudden crisis threatens everything they know, an unlikely group must unite to survive."
s518,Movie,Chronicles of the Lost City 8,Alejandro G. Iñárritu,"Leonardo DiCaprio, Daniel Day-Lewis",Italy,"August 5, 2020",2003,TV-G,101 min,"Children & Family Movies, Comedies","A heartwarming story exploring the delicate bonds of family, friendship, and cultural identity."
s519,TV Show,Goblin's Curse 9,,"Leonardo DiCaprio, Nawazuddin Siddiqui, Brad Pitt","France, Germany","July 23, 2017",2017,TV-Y,1 Season,"Anime Series, International TV Shows",A visually stunning examination of the natural world and the delicate ecosystems sustaining life.
s520,TV Show,Paatal Lok Stories 10,,"Ken Watanabe, Aamir Khan, Michael B. Jordan, Gong Yoo",Germany,"August 11, 2022",2019,TV-14,1 Season,"Anime Series, International TV Shows","A witty and satirical look at modern society, ambition, and the pursuit of artistic success."
s521,Movie,Midnight in Mumbai 11,,"Irfan Khan, Daniel Day-Lewis, Meryl Streep, Emma Stone, Joaquin Phoenix",China,"November 11, 2020",2020,G,79 min,Stand-Up Comedy,An insightful documentary uncovering the hidden truths behind an extraordinary global phenomenon.
s522,Movie,The Sapphire Shore 12,,"Ryan Gosling, Bae Doona","India, United States","October 20, 2017",2012,PG-13,101 min,"Anime Features, International Movies","A gripping tale of mystery, betrayal, and redemption set against an evocative urban backdrop."
s523,Movie,Midnight in Mumbai 13,David Fincher,"Deepika Padukone, Song Kang-ho, Shah Rukh Khan",Italy,"June 11, 2018",2012,R,95 min,"Dramas, International Movies","A gripping tale of mystery, betrayal, and redemption set against an evocative urban backdrop."
s524,TV Show,Emily's Paris Adventures 14,,"Robert De Niro, Shah Rukh Khan, Emma Stone, Ryan Gosling, Meryl Streep","South Korea, United States","July 21, 2019",2019,TV-PG,3 Seasons,"Crime TV Shows, Docuseries","When a sudden crisis threatens everything they know, an unlikely group must unite to survive."
s525,TV Show,Wild Wild Country,,,"France, Germany","April 27, 2022",2009,TV-PG,1 Season,Stand-Up Comedy & Talk Shows,"A gripping tale of mystery, betrayal, and redemption set against an evocative urban backdrop."
s526,Movie,Ocean's Melody 1,,"Priyanka Chopra, Emma Stone, Nawazuddin Siddiqui, Cate Blanchett, Marion Cotillard","United Kingdom, United States","July 1, 2019",2019,TV-PG,109 min,"Documentaries, Sports Movies","Set in a dystopian future, a rebellious visionary fights against an oppressive techno-corporation."
s527,Movie,Edge of the Horizon 2,Spike Lee,"Christian Bale, Ryan Gosling, Lupita Nyong'o, Tom Hanks, Cate Blanchett",Japan,"February 5, 2022",2022,NR,83 min,"Anime Features, International Movies","An inspiring true-life account of resilience, courage, and triumph against overwhelming odds."
s528,Movie,Wings of Steel 3,,"Tom Hanks, Robert De Niro, Mahershala Ali, Irfan Khan",Spain,"June 21, 2023",2022,TV-G,113 min,"Classic Movies, Dramas","Set in a dystopian future, a rebellious visionary fights against an oppressive techno-corporation."
s529,TV Show,Narcos: Empires 4,David Fincher,"Shah Rukh Khan, Scarlett Johansson",Nigeria,"August 6, 2022",2014,TV-14,2 Seasons,"British TV Shows, Docuseries",Laughter and romance collide when two polar opposites are forced to collaborate on a dream project.
s530,Movie,Rivers of Gold 5,S. S. Rajamouli,"Shah Rukh Khan, Tom Hanks, Emma Stone, Penélope Cruz","South Korea, United States","August 7, 2023",2019,PG,135 min,"Action & Adventure, Sci-Fi & Fantasy","Set in a dystopian future, a rebellious visionary fights against an oppressive techno-corporation."
s531,Movie,The Obsidian Tower 6,David Fincher,"Ryan Gosling, Song Kang-ho",Canada,"January 20, 2020",2020,TV-PG,99 min,Music & Musicals,"Set in a dystopian future, a rebellious visionary fights against an oppressive techno-corporation."
s532,Movie,The Silent Horizon 7,Federico Fellini,"Deepika Padukone, Aamir Khan, Viola Davis, Song Kang-ho",,"March 9, 2020",2018,NR,110 min,"Independent Movies, Dramas","A witty and satirical look at modern society, ambition, and the pursuit of artistic success."
s533,Movie,The Midnight Train 8,Lulu Wang,"Marion Cotillard, Penélope Cruz","France, Germany","January 11, 2023",2017,PG,117 min,"Classic Movies, Dramas",A visually stunning examination of the natural world and the delicate ecosystems sustaining life.
s534,Movie,The Final Hour 9,"Stanley Kubrick, Ava DuVernay","Michael B. Jordan, Ryan Gosling, Mahershala Ali, Cate Blanchett, Penélope Cruz","Spain, France","August 23, 2023",1993,NR,93 min,"Dramas, Independent Movies",Laughter and romance collide when two polar opposites are forced to collaborate on a dream project.
s535,Movie,The Alabaster Box 10,Pedro Almodóvar,"Song Kang-ho, Priyanka Chopra, Deepika Padukone","Australia, United States","January 19, 2019",2005,TV-PG,106 min,"Dramas, Independent Movies",An insightful documentary uncovering the hidden truths behind an extraordinary global phenomenon.
s536,Movie,Echoes from the Deep 11,,"Aamir Khan, Robert De Niro, Viola Davis, Joaquin Phoenix, Denzel Washington",United States,"August 6, 2023",1999,NR,102 min,"Documentaries, Sports Movies","When a sudden crisis threatens everything they know, an unlikely group must unite to survive."
s537,Movie,The Silk Road Chronicles 12,,"Cate Blanchett, Irfan Khan, Scarlett Johansson",,"February 28, 2021",2015,R,104 min,Music & Musicals,"An inspiring true-life account of resilience, courage, and triumph against overwhelming odds."
s538,Movie,The Amber Room 13,Wes Anderson,"Leonardo DiCaprio, Aamir Khan, Irfan Khan, Denzel Washington",,"February 6, 2020",2011,R,84 min,"Anime Features, International Movies","Set in a dystopian future, a rebellious visionary fights against an oppressive techno-corporation."
s539,Movie,Midnight Echoes 14,Guillermo del Toro,"Lee Jung-jae, Cate Blanchett",United Kingdom,"June 19, 2018",2016,PG,102 min,"Documentaries, Sports Movies","A gripping tale of mystery, betrayal, and redemption set against an evocative urban backdrop."
s540,Movie,Whispers in the Wind,Park Chan-wook,"Morgan Freeman, Ryan Gosling, Denzel Washington",Australia,"July 8, 2021",2017,R,112 min,"Action & Adventure, Sci-Fi & Fantasy",An insightful documentary uncovering the hidden truths behind an extraordinary global phenomenon.
s541,Movie,City Lights at Dawn 1,Pedro Almodóvar,"Shah Rukh Khan, Robert De Niro, Priyanka Chopra, Tom Hanks, Penélope Cruz",China,"June 23, 2019",2019,TV-14,133 min,"Comedies, Romantic Movies","Set in a dystopian future, a rebellious visionary fights against an oppressive techno-corporation."
s542,Movie,Sunset Boulevard Memories 2,,"Gong Yoo, Morgan Freeman, Lee Jung-jae",Brazil,"December 4, 2021",2015,PG-13,123 min,"Action & Adventure, Sci-Fi & Fantasy",Laughter and romance collide when two polar opposites are forced to collaborate on a dream project.
s543,Movie,Ocean's Melody 3,,"Lee Jung-jae, Amitabh Bachchan, Meryl Streep","France, Germany","August 27, 2022",2021,TV-PG,149 min,"Horror Movies, Thrillers","A witty and satirical look at modern society, ambition, and the pursuit of artistic success."
s544,Movie,Neon Genesis Odyssey 4,Bong Joon-ho,"Aamir Khan, Meryl Streep, Shah Rukh Khan, Ryan Gosling","South Korea, United States","March 22, 2018",2009,TV-MA,85 min,"Children & Family Movies, Comedies","A heartwarming story exploring the delicate bonds of family, friendship, and cultural identity."
s545,Movie,Chasing Tomorrow 5,James Cameron,"Ryan Gosling, Cate Blanchett, Amitabh Bachchan, Daniel Day-Lewis",China,"November 18, 2018",2018,TV-G,121 min,"Action & Adventure, Sci-Fi & Fantasy",A brilliant detective unravels a complex web of deceit in this high-stakes psychological drama.
s546,Movie,The Glass Palace 6,Ava DuVernay,"Christian Bale, Priyanka Chopra, Morgan Freeman",France,"November 24, 2020",2020,NR,106 min,"Comedies, Romantic Movies",A brilliant detective unravels a complex web of deceit in this high-stakes psychological drama.
s547,TV Show,Drive to Survive: Season Review 7,,"Daniel Day-Lewis, Deepika Padukone, Lupita Nyong'o",United States,"November 8, 2021",2021,TV-14,1 Season,"Crime TV Shows, Docuseries",A brilliant detective unravels a complex web of deceit in this high-stakes psychological drama.
s548,Movie,Parallel Realities 8,,"Robert De Niro, Viola Davis, Irfan Khan, Amitabh Bachchan, Shah Rukh Khan","United States, Canada","November 24, 2021",2001,PG-13,150 min,"Action & Adventure, Sci-Fi & Fantasy",A brilliant detective unravels a complex web of deceit in this high-stakes psychological drama.
s549,Movie,The Silent Guardian 9,Stanley Kubrick,"Ryan Gosling, Nawazuddin Siddiqui","Spain, France","August 23, 2022",2022,TV-PG,84 min,"Comedies, Romantic Movies","A heartwarming story exploring the delicate bonds of family, friendship, and cultural identity."
s550,Movie,Flight Across the Atlantic 10,"Christopher Nolan, Chloe Zhao","Song Kang-ho, Lee Jung-jae, Nawazuddin Siddiqui, Denzel Washington",India,"June 2, 2023",2022,TV-14,83 min,Stand-Up Comedy,A brilliant detective unravels a complex web of deceit in this high-stakes psychological drama.
s551,TV Show,The Crowned Royals 11,,"Irfan Khan, Meryl Streep, Bae Doona, Mahershala Ali",India,"September 24, 2020",2020,TV-Y,1 Season,Stand-Up Comedy & Talk Shows,"A heartwarming story exploring the delicate bonds of family, friendship, and cultural identity."
s552,Movie,The Silver Lining 12,Jordan Peele,"Robert De Niro, Brad Pitt, Mahershala Ali, Deepika Padukone, Tom Hanks","Australia, United States","September 24, 2022",2016,TV-14,88 min,Stand-Up Comedy,Laughter and romance collide when two polar opposites are forced to collaborate on a dream project.
s553,TV Show,Cobra Strike 13,,"Nawazuddin Siddiqui, Scarlett Johansson","India, United States","December 26, 2019",2019,TV-14,2 Seasons,"Docuseries, Science & Nature TV",An insightful documentary uncovering the hidden truths behind an extraordinary global phenomenon.
s554,TV Show,Elite Secrets 14,,,Japan,,2019,TV-14,1 Season,"Reality TV, Romance TV","An inspiring true-life account of resilience, courage, and triumph against overwhelming odds."
s555,Movie,Ocean's Melody,,,United Kingdom,"November 20, 2022",2022,NR,55 min,"Dramas, International Movies",A brilliant detective unravels a complex web of deceit in this high-stakes psychological drama.
s556,Movie,The Mountain's Call 1,,"Penélope Cruz, Shah Rukh Khan, Priyanka Chopra, Viola Davis, Aamir Khan",,"February 7, 2021",1995,TV-14,90 min,"Children & Family Movies, Comedies",A brilliant detective unravels a complex web of deceit in this high-stakes psychological drama.
s557,Movie,Parallel Realities 2,Pedro Almodóvar,"Meryl Streep, Emma Stone, Ken Watanabe, Daniel Day-Lewis, Priyanka Chopra",France,"July 7, 2017",2016,TV-14,85 min,"Action & Adventure, Sci-Fi & Fantasy","A heartwarming story exploring the delicate bonds of family, friendship, and cultural identity."
s558,TV Show,Orange Horizon 3,,"Irfan Khan, Joaquin Phoenix, Mahershala Ali","Spain, France","April 28, 2022",2020,TV-PG,2 Seasons,"Reality TV, Romance TV","A heartwarming story exploring the delicate bonds of family, friendship, and cultural identity."
s559,Movie,Under the Tuscan Stars 4,,"Amitabh Bachchan, Christian Bale, Priyanka Chopra, Irfan Khan, Song Kang-ho","France, Germany","January 11, 2022",2016,TV-G,105 min,Music & Musicals,"When a sudden crisis threatens everything they know, an unlikely group must unite to survive."
s560,Movie,The Iron Fortress 5,James Cameron,"Lee Jung-jae, Deepika Padukone, Daniel Day-Lewis","South Korea, United States","January 7, 2017",2004,TV-G,109 min,Documentaries,"A heartwarming story exploring the delicate bonds of family, friendship, and cultural identity."
s561,Movie,Fading Shadows 6,Wes Anderson,"Leonardo DiCaprio, Robert De Niro",China,"July 9, 2017",1992,NR,143 min,"Anime Features, International Movies","A gripping tale of mystery, betrayal, and redemption set against an evocative urban backdrop."
s562,TV Show,Dark Mysteries 7,,"Deepika Padukone, Aamir Khan","United States, Canada","February 4, 2022",2022,NR,1 Season,"Crime TV Shows, Docuseries",Dark secrets resurface when a long-forgotten cold case is reopened by ambitious young investigators.
s563,Movie,Secrets of the Serengeti 8,,"Penélope Cruz, Viola Davis, Christian Bale, Lupita Nyong'o, Brad Pitt","South Korea, United States","June 10, 2020",2018,TV-G,122 min,"Anime Features, International Movies",An insightful documentary uncovering the hidden truths behind an extraordinary global phenomenon.
s564,Movie,Echoes of Freedom 9,,"Marion Cotillard, Deepika Padukone","South Korea, United States","August 23, 2020",2017,PG,89 min,"Action & Adventure, Sci-Fi & Fantasy","An inspiring true-life account of resilience, courage, and triumph against overwhelming odds."
s565,Movie,Shadows in the Mist 10,,"Tom Hanks, Leonardo DiCaprio, Viola Davis, Deepika Padukone","Australia, United States","June 21, 2018",2007,TV-PG,82 min,"Classic Movies, Dramas",A brilliant detective unravels a complex web of deceit in this high-stakes psychological drama.
s566,TV Show,Love is Blind Society 11,,"Gong Yoo, Priyanka Chopra, Leonardo DiCaprio",United Kingdom,"April 5, 2019",2019,NR,1 Season,"Kids' TV, TV Comedies",A brilliant detective unravels a complex web of deceit in this high-stakes psychological drama.
s567,Movie,Shadows in the Mist 12,Spike Lee,"Robert De Niro, Aamir Khan, Christian Bale, Lupita Nyong'o",Spain,"August 19, 2016",2016,PG,112 min,"Anime Features, International Movies","A witty and satirical look at modern society, ambition, and the pursuit of artistic success."
s568,Movie,The Silk Road Chronicles 13,"S. S. Rajamouli, Denis Villeneuve","Morgan Freeman, Ryan Gosling",,"February 18, 2023",2022,TV-MA,72 min,Documentaries,A visually stunning examination of the natural world and the delicate ecosystems sustaining life.
s569,Movie,The Clockwork Heart 14,,"Ryan Gosling, Leonardo DiCaprio, Nawazuddin Siddiqui, Scarlett Johansson, Bae Doona",South Korea,"May 25, 2022",2022,PG,142 min,"Thrillers, International Movies","Set in a dystopian future, a rebellious visionary fights against an oppressive techno-corporation."
s570,Movie,The Northern Light,,"Lupita Nyong'o, Joaquin Phoenix, Ryan Gosling",Canada,"June 17, 2016",1995,TV-MA,127 min,"Documentaries, Sports Movies",Laughter and romance collide when two polar opposites are forced to collaborate on a dream project.
s571,Movie,The Mountain's Call 1,Ridley Scott,"Marion Cotillard, Penélope Cruz",Australia,"November 10, 2022",2022,PG,91 min,"Thrillers, International Movies","A heartwarming story exploring the delicate bonds of family, friendship, and cultural identity."
s572,Movie,Chasing Tomorrow 2,Wes Anderson,"Irfan Khan, Joaquin Phoenix, Marion Cotillard, Viola Davis, Gong Yoo",Australia,"December 12, 2021",2019,TV-14,64 min,Stand-Up Comedy,"An inspiring true-life account of resilience, courage, and triumph against overwhelming odds."
s573,Movie,Echoes of Freedom 3,"Akira Kurosawa, Pedro Almodóvar","Lee Jung-jae, Joaquin Phoenix, Meryl Streep",South Korea,"June 1, 2020",2019,TV-PG,131 min,"Classic Movies, Dramas","Set in a dystopian future, a rebellious visionary fights against an oppressive techno-corporation."
s574,TV Show,Planet Earth Chronicles 4,,"Brad Pitt, Daniel Day-Lewis","Australia, United States","November 13, 2022",2022,TV-Y7,1 Season,"Korean TV Shows, TV Dramas","An inspiring true-life account of resilience, courage, and triumph against overwhelming odds."
s575,Movie,Shadows in the Mist 5,Jean-Luc Godard,"Gong Yoo, Morgan Freeman",United Kingdom,"March 19, 2021",2021,TV-MA,99 min,"Horror Movies, Thrillers","In this thrilling sci-fi adventure, intrepid explorers venture beyond known physical limits."
s576,Movie,The Last Voyage 6,,"Meryl Streep, Morgan Freeman, Brad Pitt, Mahershala Ali",Brazil,"March 11, 2019",2014,TV-PG,129 min,Documentaries,"A witty and satirical look at modern society, ambition, and the pursuit of artistic success."
s577,Movie,Symphony of Lights 7,"Guillermo del Toro, Akira Kurosawa","Denzel Washington, Deepika Padukone, Meryl Streep, Nawazuddin Siddiqui, Robert De Niro",Mexico,"November 3, 2021",2009,NR,66 min,"Documentaries, Sports Movies","When a sudden crisis threatens everything they know, an unlikely group must unite to survive."
s578,TV Show,Delhi Crime Files 8,Satyajit Ray,"Brad Pitt, Nawazuddin Siddiqui, Joaquin Phoenix","Australia, United States","March 21, 2020",2020,NR,2 Seasons,"Docuseries, Science & Nature TV","A gripping tale of mystery, betrayal, and redemption set against an evocative urban backdrop."
s579,Movie,Desert Mirage 9,"Spike Lee, Alejandro G. Iñárritu","Marion Cotillard, Mahershala Ali, Lee Jung-jae, Song Kang-ho","India, United States","April 25, 2018",1998,TV-MA,88 min,"Dramas, International Movies","Set in a dystopian future, a rebellious visionary fights against an oppressive techno-corporation."
s580,TV Show,Explained: Everything 10,,"Mahershala Ali, Marion Cotillard",South Korea,"April 7, 2021",2021,TV-Y7,1 Season,"Docuseries, Science & Nature TV","A gripping tale of mystery, betrayal, and redemption set against an evocative urban backdrop."
s581,TV Show,The Social Dilemma Series 11,,,South Korea,"February 6, 2021",2021,TV-Y,1 Season,"Kids' TV, TV Comedies","When a sudden crisis threatens everything they know, an unlikely group must unite to survive."
s582,TV Show,Manifest Destiny 12,,"Penélope Cruz, Cate Blanchett, Deepika Padukone","United States, Canada","January 13, 2022",2022,NR,1 Season,"Anime Series, International TV Shows",An insightful documentary uncovering the hidden truths behind an extraordinary global phenomenon.
s583,Movie,Chronicles of the Wind 13,Denis Villeneuve,"Gong Yoo, Meryl Streep, Joaquin Phoenix, Mahershala Ali, Robert De Niro",Germany,"September 5, 2018",2015,PG-13,102 min,"Dramas, International Movies","An inspiring true-life account of resilience, courage, and triumph against overwhelming odds."
s584,TV Show,Too Hot to Touch 14,,"Irfan Khan, Amitabh Bachchan, Tom Hanks","Japan, United States","January 16, 2018",2016,TV-PG,3 Seasons,"TV Action & Adventure, Sci-Fi & Fantasy","An inspiring true-life account of resilience, courage, and triumph against overwhelming odds."
s585,TV Show,The Last Kingdom Saga,,"Irfan Khan, Robert De Niro, Priyanka Chopra","Australia, United States","January 12, 2017",2017,TV-MA,1 Season,"Reality TV, Romance TV",A visually stunning examination of the natural world and the delicate ecosystems sustaining life.
s586,TV Show,Vikings: Valhalla Journey 1,,"Ryan Gosling, Gong Yoo",Spain,"August 16, 2020",2020,TV-14,1 Season,"British TV Shows, Docuseries","A heartwarming story exploring the delicate bonds of family, friendship, and cultural identity."
s587,Movie,The Last Voyage 2,,,"France, Germany","March 24, 2020",2018,TV-G,103 min,Music & Musicals,"An inspiring true-life account of resilience, courage, and triumph against overwhelming odds."
s588,Movie,Echoes from the Deep 3,"Federico Fellini, Damien Chazelle","Priyanka Chopra, Denzel Washington",Japan,"March 13, 2019",2015,TV-G,92 min,"Action & Adventure, Comedies",A brilliant detective unravels a complex web of deceit in this high-stakes psychological drama.
s589,TV Show,Arcane Legends 4,,"Viola Davis, Bae Doona, Scarlett Johansson, Joaquin Phoenix, Lupita Nyong'o",Japan,"November 4, 2023",2022,TV-Y,1 Season,"Anime Series, International TV Shows",Laughter and romance collide when two polar opposites are forced to collaborate on a dream project.
s590,TV Show,Black Mirrors 5,,"Scarlett Johansson, Emma Stone",Brazil,"September 6, 2021",2021,TV-Y,1 Season,"Spanish-Language TV Shows, TV Dramas","In this thrilling sci-fi adventure, intrepid explorers venture beyond known physical limits."
s591,Movie,Legends of the Amazon 6,Greta Gerwig,"Deepika Padukone, Marion Cotillard","United States, Canada","November 6, 2017",2017,R,115 min,"Action & Adventure, Comedies",Dark secrets resurface when a long-forgotten cold case is reopened by ambitious young investigators.
s592,TV Show,Planet Earth Chronicles 7,,"Aamir Khan, Emma Stone","United States, Canada","March 24, 2021",1994,,1 Season,"British TV Shows, Docuseries","A witty and satirical look at modern society, ambition, and the pursuit of artistic success."
s593,TV Show,Planet Earth Chronicles 8,,,France,"July 26, 2019",2017,TV-Y,1 Season,"Anime Series, International TV Shows","When a sudden crisis threatens everything they know, an unlikely group must unite to survive."
s594,TV Show,Black Mirrors 9,"Greta Gerwig, Hayao Miyazaki","Mahershala Ali, Leonardo DiCaprio, Scarlett Johansson, Ryan Gosling","Spain, France","May 27, 2023",2018,TV-Y7,1 Season,Stand-Up Comedy & Talk Shows,A brilliant detective unravels a complex web of deceit in this high-stakes psychological drama.
s595,TV Show,Money Heist: Global 10,,"Lee Jung-jae, Nawazuddin Siddiqui","South Korea, United States","April 17, 2022",2022,TV-Y,4 Seasons,"Anime Series, International TV Shows","In this thrilling sci-fi adventure, intrepid explorers venture beyond known physical limits."
s596,Movie,The Golden Mirage 11,Bong Joon-ho,"Joaquin Phoenix, Viola Davis, Lupita Nyong'o, Irfan Khan",Spain,"April 19, 2023",2001,TV-14,78 min,"Comedies, Romantic Movies",Dark secrets resurface when a long-forgotten cold case is reopened by ambitious young investigators.
s597,Movie,The Copper Basin 12,Ava DuVernay,,"Spain, France","June 19, 2019",2001,G,98 min,"Action & Adventure, Comedies",Laughter and romance collide when two polar opposites are forced to collaborate on a dream project.
s598,Movie,The Northern Light 13,Steven Spielberg,"Meryl Streep, Penélope Cruz, Amitabh Bachchan, Lupita Nyong'o, Christian Bale",China,"November 12, 2021",1988,TV-14,104 min,"Horror Movies, Thrillers","A gripping tale of mystery, betrayal, and redemption set against an evocative urban backdrop."
s599,Movie,Shadows in the Mist 14,,"Mahershala Ali, Aamir Khan, Michael B. Jordan",Japan,"October 18, 2021",1990,R,113 min,"Thrillers, International Movies",An insightful documentary uncovering the hidden truths behind an extraordinary global phenomenon.
s600,TV Show,The Great British Bake,,"Priyanka Chopra, Song Kang-ho, Viola Davis","United States, United Kingdom","March 6, 2022",2022,TV-Y,1 Season,"British TV Shows, Docuseries",Dark secrets resurface when a long-forgotten cold case is reopened by ambitious young investigators.
s601,Movie,Letters from Paris 1,David Fincher,"Aamir Khan, Viola Davis",Mexico,"July 4, 2021",2021,TV-14,117 min,"Independent Movies, Dramas","An inspiring true-life account of resilience, courage, and triumph against overwhelming odds."
s602,Movie,The Wandering Soul 2,"Greta Gerwig, S. S. Rajamouli",,"South Korea, United States","November 26, 2023",2003,R,77 min,"Dramas, International Movies","An inspiring true-life account of resilience, courage, and triumph against overwhelming odds."
s603,Movie,Letters from Paris 3,Akira Kurosawa,"Priyanka Chopra, Viola Davis, Deepika Padukone, Nawazuddin Siddiqui, Daniel Day-Lewis",Brazil,"December 8, 2021",2017,TV-MA,68 min,"Dramas, Independent Movies","Set in a dystopian future, a rebellious visionary fights against an oppressive techno-corporation."
s604,Movie,The Secret Alchemist 4,Pedro Almodóvar,"Lee Jung-jae, Joaquin Phoenix, Denzel Washington",Nigeria,"March 1, 2021",2021,PG-13,130 min,"Dramas, Independent Movies",A brilliant detective unravels a complex web of deceit in this high-stakes psychological drama.
s605,TV Show,The Witcher's Tale 5,,,"India, United States","July 23, 2023",2015,TV-Y7,1 Season,"Reality TV, Romance TV",An insightful documentary uncovering the hidden truths behind an extraordinary global phenomenon.
s606,Movie,The Art of Escape 6,,"Tom Hanks, Mahershala Ali, Leonardo DiCaprio, Denzel Washington, Michael B. Jordan",United Kingdom,"December 7, 2021",2021,PG,109 min,"Action & Adventure, Comedies","A heartwarming story exploring the delicate bonds of family, friendship, and cultural identity."
s607,TV Show,Wild Wild Country 7,,,"India, United States","July 23, 2022",2021,TV-14,1 Season,"Anime Series, International TV Shows","A heartwarming story exploring the delicate bonds of family, friendship, and cultural identity."
s608,TV Show,  Outer Banks Odyssey 8  ,,"Marion Cotillard, Michael B. Jordan, Cate Blanchett",Canada,"September 2, 2016",2015,TV-MA,5 Seasons,"British TV Shows, Docuseries","A gripping tale of mystery, betrayal, and redemption set against an evocative urban backdrop."
s609,Movie,Beyond the Infinite 9,Damien Chazelle,"Song Kang-ho, Ken Watanabe, Amitabh Bachchan",Brazil,"October 6, 2021",2017,PG,85 min,"Classic Movies, Dramas","A heartwarming story exploring the delicate bonds of family, friendship, and cultural identity."
s610,Movie,Desert Mirage 10,,"Ryan Gosling, Emma Stone","Japan, United States","August 7, 2017",2017,TV-PG,136 min,"Horror Movies, Thrillers","A witty and satirical look at modern society, ambition, and the pursuit of artistic success."
s611,Movie,Labyrinth of Memories 11,David Fincher,"Tom Hanks, Daniel Day-Lewis, Ken Watanabe, Song Kang-ho",India,"September 3, 2022",2022,NR,104 min,"Independent Movies, Dramas","An inspiring true-life account of resilience, courage, and triumph against overwhelming odds."
s612,Movie,The Crystal Cavern 12,Alejandro G. Iñárritu,"Emma Stone, Nawazuddin Siddiqui, Aamir Khan",United Kingdom,"June 18, 2022",2022,TV-G,127 min,"Documentaries, Sports Movies",An insightful documentary uncovering the hidden truths behind an extraordinary global phenomenon.
s613,Movie,Underground Symphony 13,Denis Villeneuve,"Mahershala Ali, Denzel Washington, Meryl Streep",,"September 2, 2021",2018,G,103 min,"Anime Features, International Movies","Set in a dystopian future, a rebellious visionary fights against an oppressive techno-corporation."
s614,Movie,Visions of Tomorrow 14,"Hayao Miyazaki, Bong Joon-ho","Marion Cotillard, Mahershala Ali, Brad Pitt","United States, United Kingdom","July 7, 2016",2015,TV-14,147 min,"Dramas, International Movies","In this thrilling sci-fi adventure, intrepid explorers venture beyond known physical limits."
s615,TV Show,The Last Kingdom Saga,Spike Lee,"Robert De Niro, Tom Hanks, Daniel Day-Lewis, Viola Davis, Nawazuddin Siddiqui","South Korea, United States",,1986,TV-Y7,1 Season,"Kids' TV, TV Comedies",A visually stunning examination of the natural world and the delicate ecosystems sustaining life.
s616,Movie,Vanguard of Peace 1,Jean-Luc Godard,"Brad Pitt, Scarlett Johansson, Shah Rukh Khan","United States, United Kingdom","December 9, 2020",2020,G,140 min,"Children & Family Movies, Comedies","Set in a dystopian future, a rebellious visionary fights against an oppressive techno-corporation."
s617,TV Show,Cobra Strike 2,,,South Korea,"March 17, 2019",2007,TV-MA,1 Season,"International TV Shows, TV Dramas, TV Mysteries",Laughter and romance collide when two polar opposites are forced to collaborate on a dream project.
s618,TV Show,Dark German Mysteries 3,,"Bae Doona, Tom Hanks, Robert De Niro, Song Kang-ho","Australia, United States","June 28, 2018",2015,TV-PG,1 Season,"Spanish-Language TV Shows, TV Dramas","A gripping tale of mystery, betrayal, and redemption set against an evocative urban backdrop."
s619,Movie,Ghosts of the Metropolis 4,James Cameron,"Meryl Streep, Bae Doona, Brad Pitt, Daniel Day-Lewis, Emma Stone",France,"February 22, 2020",2020,PG-13,96 min,"Independent Movies, Dramas",Dark secrets resurface when a long-forgotten cold case is reopened by ambitious young investigators.
s620,TV Show,Sweet Home Hunters 5,,"Leonardo DiCaprio, Priyanka Chopra, Denzel Washington","India, United States","October 18, 2018",2018,TV-Y7,4 Seasons,"Spanish-Language TV Shows, TV Dramas",Laughter and romance collide when two polar opposites are forced to collaborate on a dream project.
s621,Movie,Labyrinth of Memories 6,Zoya Akhtar,"Lee Jung-jae, Gong Yoo, Tom Hanks, Deepika Padukone",Australia,"May 6, 2022",2017,TV-14,123 min,"Action & Adventure, Sci-Fi & Fantasy","A gripping tale of mystery, betrayal, and redemption set against an evocative urban backdrop."
s622,TV Show,Vikings: Valhalla Journey 7,Alfonso Cuarón,"Penélope Cruz, Aamir Khan, Irfan Khan, Lee Jung-jae",Nigeria,"November 13, 2021",2005,TV-14,1 Season,"Kids' TV, TV Comedies","An inspiring true-life account of resilience, courage, and triumph against overwhelming odds."
s623,TV Show,Too Hot to Touch 8,Satyajit Ray,"Deepika Padukone, Ryan Gosling, Penélope Cruz, Aamir Khan, Tom Hanks","United Kingdom, United States","January 7, 2022",2019,TV-14,2 Seasons,"British TV Shows, Docuseries",Laughter and romance collide when two polar opposites are forced to collaborate on a dream project.
s624,Movie,Vanguard of Peace 9,,"Joaquin Phoenix, Tom Hanks, Aamir Khan",South Korea,"April 28, 2023",2020,TV-G,116 min,"Thrillers, International Movies","An inspiring true-life account of resilience, courage, and triumph against overwhelming odds."
s625,Movie,The Eternal Flame 10,"Bong Joon-ho, David Fincher",,,"June 12, 2017",2013,R,132 min,"Children & Family Movies, Comedies","When a sudden crisis threatens everything they know, an unlikely group must unite to survive."
s626,TV Show,Drive to Survive: Season Review 11,Chloe Zhao,"Ryan Gosling, Christian Bale, Shah Rukh Khan, Tom Hanks",Canada,"September 18, 2021",2021,TV-PG,2 Seasons,"Kids' TV, TV Comedies","When a sudden crisis threatens everything they know, an unlikely group must unite to survive."
s627,Movie,The Mountain's Call 12,,,"United States, United Kingdom","October 23, 2017",2017,TV-G,80 min,"Independent Movies, Dramas","An inspiring true-life account of resilience, courage, and triumph against overwhelming odds."
s628,TV Show,Outer Banks Odyssey 13,Chloe Zhao,"Brad Pitt, Amitabh Bachchan, Morgan Freeman, Ryan Gosling",France,"May 23, 2021",2018,TV-PG,1 Season,"Reality TV, Romance TV","A gripping tale of mystery, betrayal, and redemption set against an evocative urban backdrop."
s629,Movie,Chasing Tomorrow 14,S. S. Rajamouli,"Ken Watanabe, Mahershala Ali",India,"August 14, 2020",2019,TV-G,117 min,Music & Musicals,"When a sudden crisis threatens everything they know, an unlikely group must unite to survive."
s630,Movie,Desert Mirage,,"Priyanka Chopra, Song Kang-ho, Gong Yoo, Robert De Niro",Spain,"September 28, 2021",2020,TV-PG,125 min,"Action & Adventure, Sci-Fi & Fantasy",A brilliant detective unravels a complex web of deceit in this high-stakes psychological drama.
s631,Movie,The Hidden Code 1,,,"Japan, United States","January 26, 2020",2020,R,63 min,"Comedies, Romantic Movies","A heartwarming story exploring the delicate bonds of family, friendship, and cultural identity."
s632,Movie,A Journey Through Time 2,Christopher Nolan,"Brad Pitt, Tom Hanks, Lee Jung-jae, Lupita Nyong'o",Canada,"April 24, 2018",2015,TV-MA,75 min,"Dramas, International Movies",Laughter and romance collide when two polar opposites are forced to collaborate on a dream project.
s633,Movie,Echoes of Silence 3,James Cameron,"Ken Watanabe, Amitabh Bachchan, Gong Yoo","Japan, United States",,2015,R,57 min,"Children & Family Movies, Comedies","A heartwarming story exploring the delicate bonds of family, friendship, and cultural identity."
s634,Movie,Arctic Expedition 4,David Fincher,"Marion Cotillard, Shah Rukh Khan, Aamir Khan, Emma Stone","United States, Canada","May 27, 2022",2018,PG-13,96 min,Music & Musicals,"A witty and satirical look at modern society, ambition, and the pursuit of artistic success."
s635,TV Show,The Witcher's Tale 5,,"Nawazuddin Siddiqui, Cate Blanchett","South Korea, United States","October 25, 2021",2016,TV-G,1 Season,"Crime TV Shows, Docuseries","An inspiring true-life account of resilience, courage, and triumph against overwhelming odds."
s636,TV Show,Wednesday's Shadow 6,,"Ken Watanabe, Ryan Gosling, Mahershala Ali, Song Kang-ho",Japan,"August 15, 2022",2020,TV-Y7,1 Season,"Reality TV, Romance TV",A visually stunning examination of the natural world and the delicate ecosystems sustaining life.
s637,TV Show,House of Cards Collapse 7,,,Mexico,"June 1, 2022",2017,TV-14,1 Season,"TV Comedies, Romantic TV Shows","In this thrilling sci-fi adventure, intrepid explorers venture beyond known physical limits."
s638,Movie,Parallel Realities 8,,"Aamir Khan, Shah Rukh Khan, Ryan Gosling, Joaquin Phoenix, Marion Cotillard","France, Germany","March 16, 2022",2021,TV-MA,117 min,"Comedies, Romantic Movies",A brilliant detective unravels a complex web of deceit in this high-stakes psychological drama.
s639,Movie,Velvet Dreams 9,,"Irfan Khan, Ken Watanabe, Leonardo DiCaprio","Spain, France","October 4, 2022",2019,TV-PG,135 min,"Anime Features, International Movies",A brilliant detective unravels a complex web of deceit in this high-stakes psychological drama.
s640,TV Show,Sweet Home Hunters 10,,"Bae Doona, Deepika Padukone",South Korea,"May 18, 2023",1990,TV-G,1 Season,"TV Comedies, Romantic TV Shows",A brilliant detective unravels a complex web of deceit in this high-stakes psychological drama.
s641,Movie,Neon Genesis Odyssey 11,Jordan Peele,"Meryl Streep, Mahershala Ali, Christian Bale, Priyanka Chopra, Tom Hanks",United Kingdom,"February 15, 2022",2022,TV-14,103 min,"Anime Features, International Movies","A heartwarming story exploring the delicate bonds of family, friendship, and cultural identity."
s642,TV Show,Dead to Me Truths 12,,"Michael B. Jordan, Gong Yoo, Tom Hanks, Joaquin Phoenix","United States, United Kingdom","November 7, 2019",1997,TV-MA,1 Season,"International TV Shows, TV Dramas, TV Mysteries",Dark secrets resurface when a long-forgotten cold case is reopened by ambitious young investigators.
s643,Movie,The Forgotten Melody 13,,"Leonardo DiCaprio, Ryan Gosling, Viola Davis, Penélope Cruz, Tom Hanks",United States,"June 15, 2021",2021,TV-G,137 min,Music & Musicals,Laughter and romance collide when two polar opposites are forced to collaborate on a dream project.
s644,Movie,Echoes of Freedom 14,Satyajit Ray,"Emma Stone, Shah Rukh Khan, Morgan Freeman, Mahershala Ali, Meryl Streep",Mexico,"June 27, 2020",2020,G,71 min,Music & Musicals,A brilliant detective unravels a complex web of deceit in this high-stakes psychological drama.
s645,Movie,Echoes of Freedom,,"Denzel Washington, Morgan Freeman",United Kingdom,"December 8, 2018",2016,TV-PG,64 min,"Thrillers, International Movies","When a sudden crisis threatens everything they know, an unlikely group must unite to survive."
s646,TV Show,Outer Banks Odyssey 1,,,Italy,"August 6, 2019",2016,TV-PG,1 Season,"International TV Shows, TV Dramas, TV Mysteries","A witty and satirical look at modern society, ambition, and the pursuit of artistic success."
s647,Movie,The Northern Light 2,Steven Spielberg,,France,"July 25, 2021",2005,NR,100 min,"Documentaries, Sports Movies",An insightful documentary uncovering the hidden truths behind an extraordinary global phenomenon.
s648,Movie,The Golden Mirage 3,"James Cameron, Steven Spielberg","Leonardo DiCaprio, Michael B. Jordan, Cate Blanchett, Deepika Padukone, Shah Rukh Khan",France,"September 12, 2020",2019,R,110 min,"Documentaries, Sports Movies","An inspiring true-life account of resilience, courage, and triumph against overwhelming odds."
s649,Movie,The Architect of Dreams 4,Jean-Luc Godard,,"Spain, France","March 4, 2021",2021,R,101 min,Documentaries,"An inspiring true-life account of resilience, courage, and triumph against overwhelming odds."
s650,Movie,Vanguard of Peace 5,Park Chan-wook,"Marion Cotillard, Viola Davis",United States,"June 7, 2018",2018,TV-PG,56 min,"Horror Movies, Thrillers",Laughter and romance collide when two polar opposites are forced to collaborate on a dream project.
s651,Movie,The Hidden Code 6,Jordan Peele,,United States,"January 10, 2020",1980,PG,100 min,"Comedies, Romantic Movies","A gripping tale of mystery, betrayal, and redemption set against an evocative urban backdrop."
s652,Movie,The Phantom Lighthouse 7,S. S. Rajamouli,"Ryan Gosling, Robert De Niro",Australia,"February 21, 2022",2022,PG-13,73 min,"Dramas, Independent Movies",A visually stunning examination of the natural world and the delicate ecosystems sustaining life.
s653,Movie,Island of Dreams 8,,"Joaquin Phoenix, Meryl Streep, Gong Yoo, Brad Pitt",France,"January 2, 2022",2021,G,116 min,"Action & Adventure, Sci-Fi & Fantasy","A gripping tale of mystery, betrayal, and redemption set against an evocative urban backdrop."
s654,Movie,Digital Nomads 9,Anurag Kashyap,"Joaquin Phoenix, Meryl Streep, Song Kang-ho",Nigeria,"September 23, 2022",1981,PG-13,110 min,"Children & Family Movies, Comedies",A brilliant detective unravels a complex web of deceit in this high-stakes psychological drama.
s655,Movie,The Golden Harvest 10,Damien Chazelle,"Mahershala Ali, Michael B. Jordan, Irfan Khan",Italy,"March 27, 2020",2020,NR,81 min,Stand-Up Comedy,A brilliant detective unravels a complex web of deceit in this high-stakes psychological drama.
s656,Movie,Breeze of the Himalayas 11,Pedro Almodóvar,"Shah Rukh Khan, Robert De Niro, Lupita Nyong'o, Tom Hanks, Morgan Freeman",South Korea,"February 17, 2022",2013,PG-13,90 min,"Children & Family Movies, Comedies","Set in a dystopian future, a rebellious visionary fights against an oppressive techno-corporation."
s657,Movie,Neon Genesis Odyssey 12,Zoya Akhtar,,Brazil,"April 19, 2022",2021,TV-MA,78 min,Documentaries,"A witty and satirical look at modern society, ambition, and the pursuit of artistic success."
s658,Movie,Vanguard of Peace 13,Christopher Nolan,"Ken Watanabe, Tom Hanks","South Korea, United States","April 18, 2020",2006,R,100 min,"Dramas, International Movies","A gripping tale of mystery, betrayal, and redemption set against an evocative urban backdrop."
s659,Movie,The Emerald Isle 14,David Fincher,"Nawazuddin Siddiqui, Michael B. Jordan",United States,"July 12, 2021",2019,TV-G,123 min,Music & Musicals,"An inspiring true-life account of resilience, courage, and triumph against overwhelming odds."
s660,Movie,Chronicles of the Lost City,Taika Waititi,"Christian Bale, Nawazuddin Siddiqui, Michael B. Jordan, Ken Watanabe, Meryl Streep","United States, United Kingdom","February 8, 2017",2004,TV-MA,80 min,"Horror Movies, Thrillers",Laughter and romance collide when two polar opposites are forced to collaborate on a dream project.
s661,Movie,The Golden Harvest 1,,"Penélope Cruz, Irfan Khan, Christian Bale, Leonardo DiCaprio, Morgan Freeman","Japan, United States","September 6, 2017",1994,G,113 min,"Documentaries, Sports Movies","Set in a dystopian future, a rebellious visionary fights against an oppressive techno-corporation."
s662,Movie,  The Whispering Pines 2  ,,"Bae Doona, Emma Stone, Shah Rukh Khan",,"November 5, 2021",2021,TV-G,90 min,"Horror Movies, Thrillers","In this thrilling sci-fi adventure, intrepid explorers venture beyond known physical limits."
s663,TV Show,Dark German Mysteries 3,,"Robert De Niro, Ryan Gosling, Amitabh Bachchan, Marion Cotillard, Lupita Nyong'o","India, United States","February 6, 2017",2007,TV-Y,1 Season,"Reality TV, Romance TV",A visually stunning examination of the natural world and the delicate ecosystems sustaining life.
s664,Movie,Shadows of the Valley 4,Damien Chazelle,"Irfan Khan, Gong Yoo",,"February 3, 2021",2021,TV-PG,84 min,"Horror Movies, Thrillers",Laughter and romance collide when two polar opposites are forced to collaborate on a dream project.
s665,Movie,The Golden Compass of Cairo 5,,"Song Kang-ho, Bae Doona, Deepika Padukone","United States, United Kingdom","February 18, 2022",2017,TV-14,99 min,"Action & Adventure, Sci-Fi & Fantasy",Dark secrets resurface when a long-forgotten cold case is reopened by ambitious young investigators.
s666,Movie,Starlight Symphony 6,"S. S. Rajamouli, Christopher Nolan","Mahershala Ali, Daniel Day-Lewis, Gong Yoo",South Korea,"April 4, 2023",2022,NR,79 min,"Action & Adventure, Comedies","When a sudden crisis threatens everything they know, an unlikely group must unite to survive."
s667,Movie,Dancing in the Rain 7,,"Brad Pitt, Shah Rukh Khan, Daniel Day-Lewis, Irfan Khan, Deepika Padukone",Spain,"June 25, 2021",2021,TV-PG,89 min,Stand-Up Comedy,A visually stunning examination of the natural world and the delicate ecosystems sustaining life.
s668,TV Show,The Social Dilemma Series 8,Akira Kurosawa,"Daniel Day-Lewis, Emma Stone, Ken Watanabe",China,"September 3, 2021",2021,NR,1 Season,"Anime Series, International TV Shows",An insightful documentary uncovering the hidden truths behind an extraordinary global phenomenon.
s669,Movie,Secrets of the Serengeti 9,Alejandro G. Iñárritu,"Ken Watanabe, Priyanka Chopra, Morgan Freeman, Gong Yoo, Lupita Nyong'o","United States, United Kingdom","May 21, 2017",2009,TV-14,75 min,"Independent Movies, Dramas","Set in a dystopian future, a rebellious visionary fights against an oppressive techno-corporation."
s670,TV Show,Peaky Gangsters 10,Pedro Almodóvar,"Lupita Nyong'o, Irfan Khan, Joaquin Phoenix",China,"December 10, 2018",2018,TV-G,1 Season,"Anime Series, International TV Shows","In this thrilling sci-fi adventure, intrepid explorers venture beyond known physical limits."
s671,Movie,Crimson Peak Journey 11,,"Daniel Day-Lewis, Penélope Cruz, Lupita Nyong'o, Amitabh Bachchan","United States, United Kingdom","December 9, 2023",2021,TV-PG,145 min,"Action & Adventure, Sci-Fi & Fantasy",An insightful documentary uncovering the hidden truths behind an extraordinary global phenomenon.
s672,Movie,The Broken Compass 12,Christopher Nolan,,Spain,"September 19, 2020",2008,G,102 min,Music & Musicals,A visually stunning examination of the natural world and the delicate ecosystems sustaining life.
s673,Movie,Flight Across the Atlantic 13,"Guillermo del Toro, Damien Chazelle","Robert De Niro, Brad Pitt","United Kingdom, United States","December 22, 2017",2017,PG-13,86 min,"Dramas, International Movies","When a sudden crisis threatens everything they know, an unlikely group must unite to survive."
s674,Movie,The Silver Lining 14,,"Joaquin Phoenix, Michael B. Jordan, Daniel Day-Lewis","United Kingdom, United States","July 7, 2018",2018,PG,106 min,"Comedies, Romantic Movies","An inspiring true-life account of resilience, courage, and triumph against overwhelming odds."
s675,TV Show,Elite Secrets,"Jordan Peele, Akira Kurosawa","Shah Rukh Khan, Amitabh Bachchan, Marion Cotillard, Joaquin Phoenix, Christian Bale",,"August 7, 2022",2021,TV-Y7,2 Seasons,"Reality TV, Romance TV","A heartwarming story exploring the delicate bonds of family, friendship, and cultural identity."
s676,Movie,The Red Lantern 1,"S. S. Rajamouli, Hayao Miyazaki","Nawazuddin Siddiqui, Lupita Nyong'o, Mahershala Ali, Meryl Streep, Ken Watanabe",Italy,"December 3, 2018",1991,G,99 min,"Action & Adventure, Sci-Fi & Fantasy",Laughter and romance collide when two polar opposites are forced to collaborate on a dream project.
s677,Movie,Tides of Fortune 2,,"Priyanka Chopra, Gong Yoo, Meryl Streep","India, United States","December 26, 2023",2016,TV-PG,97 min,Stand-Up Comedy,"A gripping tale of mystery, betrayal, and redemption set against an evocative urban backdrop."
s678,TV Show,Itaewon Class Dreamers 3,,"Marion Cotillard, Joaquin Phoenix, Deepika Padukone, Viola Davis",Japan,"July 12, 2018",2018,TV-G,3 Seasons,"Crime TV Shows, Docuseries","An inspiring true-life account of resilience, courage, and triumph against overwhelming odds."
s679,Movie,Whispers in the Wind 4,Greta Gerwig,"Joaquin Phoenix, Amitabh Bachchan, Marion Cotillard, Irfan Khan, Ryan Gosling",United Kingdom,"October 21, 2016",2016,PG,115 min,"Children & Family Movies, Comedies","Set in a dystopian future, a rebellious visionary fights against an oppressive techno-corporation."
s680,Movie,Chasing Tomorrow 5,,"Brad Pitt, Christian Bale, Joaquin Phoenix",Japan,"December 6, 2022",2022,R,118 min,"Documentaries, Sports Movies","A gripping tale of mystery, betrayal, and redemption set against an evocative urban backdrop."
s681,Movie,Echoes from the Deep 6,"Quentin Tarantino, Stanley Kubrick","Gong Yoo, Tom Hanks",Germany,"August 8, 2020",1998,R,90 min,"Action & Adventure, Sci-Fi & Fantasy","A witty and satirical look at modern society, ambition, and the pursuit of artistic success."
s682,Movie,The Broken Compass 7,,"Aamir Khan, Lee Jung-jae, Michael B. Jordan, Viola Davis, Irfan Khan","United States, United Kingdom","February 20, 2019",2015,TV-MA,89 min,"Independent Movies, Dramas",Laughter and romance collide when two polar opposites are forced to collaborate on a dream project.
s683,Movie,Beyond the Infinite 8,Martin Scorsese,"Bae Doona, Morgan Freeman, Ryan Gosling",France,"May 16, 2023",2018,TV-PG,95 min,"Dramas, Independent Movies","In this thrilling sci-fi adventure, intrepid explorers venture beyond known physical limits."
s684,Movie,Echoes of Silence 9,,"Emma Stone, Deepika Padukone",,"February 20, 2022",2021,NR,51 min,"Horror Movies, Thrillers","A gripping tale of mystery, betrayal, and redemption set against an evocative urban backdrop."
s685,TV Show,Dead to Me Truths 10,,"Shah Rukh Khan, Leonardo DiCaprio, Christian Bale, Tom Hanks","United Kingdom, United States","November 17, 2019",2015,TV-PG,2 Seasons,"Reality TV, Romance TV",A brilliant detective unravels a complex web of deceit in this high-stakes psychological drama.
s686,Movie,Echoes of Silence 11,Jean-Luc Godard,"Robert De Niro, Brad Pitt, Tom Hanks, Priyanka Chopra, Lupita Nyong'o",Nigeria,"March 25, 2019",2019,G,68 min,"Children & Family Movies, Comedies",Laughter and romance collide when two polar opposites are forced to collaborate on a dream project.
s687,Movie,The Silent Horizon 12,James Cameron,"Nawazuddin Siddiqui, Viola Davis, Penélope Cruz",,"December 16, 2020",2015,PG,132 min,"Dramas, Independent Movies","A witty and satirical look at modern society, ambition, and the pursuit of artistic success."
s688,Movie,The Neon Samurai 13,Damien Chazelle,"Lupita Nyong'o, Mahershala Ali, Tom Hanks, Joaquin Phoenix",Germany,"August 9, 2022",2015,TV-G,138 min,"Anime Features, International Movies",Laughter and romance collide when two polar opposites are forced to collaborate on a dream project.
s689,Movie,Breeze of the Himalayas 14,,"Marion Cotillard, Daniel Day-Lewis, Lee Jung-jae",Canada,"December 13, 2022",2020,TV-MA,96 min,Documentaries,"A heartwarming story exploring the delicate bonds of family, friendship, and cultural identity."
s690,TV Show,Too Hot to Touch,,"Nawazuddin Siddiqui, Aamir Khan",France,"June 4, 2021",2015,TV-Y7,4 Seasons,"Docuseries, Science & Nature TV","An inspiring true-life account of resilience, courage, and triumph against overwhelming odds."
s691,Movie,A Journey Through Time 1,,"Lupita Nyong'o, Shah Rukh Khan, Mahershala Ali",United Kingdom,"March 18, 2016",2016,PG,114 min,"Dramas, International Movies","A gripping tale of mystery, betrayal, and redemption set against an evocative urban backdrop."
s692,Movie,Ghosts of the Metropolis 2,Pedro Almodóvar,"Robert De Niro, Shah Rukh Khan",Mexico,"October 1, 2016",2016,PG,108 min,"Dramas, Independent Movies",Laughter and romance collide when two polar opposites are forced to collaborate on a dream project.
s693,Movie,Echoes from the Deep 3,David Fincher,"Morgan Freeman, Brad Pitt, Lee Jung-jae, Viola Davis","South Korea, United States","December 10, 2022",2022,PG,169 min,"Anime Features, International Movies",A visually stunning examination of the natural world and the delicate ecosystems sustaining life.
s694,Movie,Dancing in the Rain 4,Stanley Kubrick,"Ryan Gosling, Mahershala Ali, Penélope Cruz",France,"January 19, 2017",2015,TV-G,126 min,"Action & Adventure, Sci-Fi & Fantasy","A heartwarming story exploring the delicate bonds of family, friendship, and cultural identity."
s695,Movie,The Art of Escape 5,Lulu Wang,"Ryan Gosling, Penélope Cruz","Spain, France","April 12, 2022",2017,TV-14,99 min,Stand-Up Comedy,"A heartwarming story exploring the delicate bonds of family, friendship, and cultural identity."
s696,Movie,The Glass Palace 6,Jean-Luc Godard,"Nawazuddin Siddiqui, Mahershala Ali, Amitabh Bachchan, Leonardo DiCaprio",Japan,"March 2, 2021",2007,TV-G,80 min,"Children & Family Movies, Comedies","In this thrilling sci-fi adventure, intrepid explorers venture beyond known physical limits."
s697,Movie,The Midnight Train 7,,"Deepika Padukone, Lupita Nyong'o, Leonardo DiCaprio, Christian Bale","United States, Canada","November 22, 2021",2017,TV-14,66 min,"Classic Movies, Dramas",Laughter and romance collide when two polar opposites are forced to collaborate on a dream project.
s698,TV Show,Planet Earth Chronicles 8,Steven Spielberg,"Lee Jung-jae, Robert De Niro, Emma Stone, Lupita Nyong'o",,"July 15, 2023",2016,TV-14,4 Seasons,"Korean TV Shows, TV Dramas","In this thrilling sci-fi adventure, intrepid explorers venture beyond known physical limits."
s699,Movie,Chronicles of the Wind 9,Taika Waititi,"Marion Cotillard, Robert De Niro",Nigeria,"January 3, 2022",2015,NR,106 min,Stand-Up Comedy,"A gripping tale of mystery, betrayal, and redemption set against an evocative urban backdrop."
s700,TV Show,Babylon Berlin Nights 10,Quentin Tarantino,"Emma Stone, Scarlett Johansson, Daniel Day-Lewis",Italy,"September 21, 2020",2020,TV-MA,1 Season,"Kids' TV, TV Comedies",A visually stunning examination of the natural world and the delicate ecosystems sustaining life.
s701,Movie,Legends of the Amazon 11,Anurag Kashyap,"Shah Rukh Khan, Nawazuddin Siddiqui, Penélope Cruz, Deepika Padukone, Christian Bale",Australia,"March 28, 2017",2016,R,85 min,"Comedies, Romantic Movies",An insightful documentary uncovering the hidden truths behind an extraordinary global phenomenon.
s702,Movie,Labyrinth of Memories 12,Satyajit Ray,"Joaquin Phoenix, Cate Blanchett, Michael B. Jordan, Amitabh Bachchan, Priyanka Chopra","United Kingdom, United States","February 6, 2017",1999,NR,70 min,Documentaries,A visually stunning examination of the natural world and the delicate ecosystems sustaining life.
s703,TV Show,Manifest Destiny 13,,"Christian Bale, Aamir Khan, Penélope Cruz, Shah Rukh Khan, Song Kang-ho","United States, United Kingdom","November 25, 2019",1982,TV-Y7,1 Season,"Anime Series, International TV Shows","In this thrilling sci-fi adventure, intrepid explorers venture beyond known physical limits."
s704,Movie,Arctic Expedition 14,,"Lupita Nyong'o, Irfan Khan, Leonardo DiCaprio, Mahershala Ali",United Kingdom,"October 5, 2017",2016,NR,87 min,"Anime Features, International Movies",A brilliant detective unravels a complex web of deceit in this high-stakes psychological drama.
s705,TV Show,Babylon Berlin Nights,Park Chan-wook,"Emma Stone, Robert De Niro, Christian Bale, Denzel Washington, Ryan Gosling",France,"May 11, 2021",2021,TV-Y,1 Season,"Reality TV, Romance TV",An insightful documentary uncovering the hidden truths behind an extraordinary global phenomenon.
s706,Movie,Beyond the Infinite 1,Denis Villeneuve,"Deepika Padukone, Scarlett Johansson",Spain,"October 7, 2018",2001,PG-13,78 min,"Children & Family Movies, Comedies",An insightful documentary uncovering the hidden truths behind an extraordinary global phenomenon.
s707,Movie,Chronicles of Mars 2,"Park Chan-wook, Bong Joon-ho","Ryan Gosling, Irfan Khan",Mexico,"February 4, 2018",2015,TV-MA,139 min,"Dramas, Independent Movies",A visually stunning examination of the natural world and the delicate ecosystems sustaining life.
s708,TV Show,Orange Horizon 3,,"Cate Blanchett, Lupita Nyong'o, Shah Rukh Khan","India, United States","August 7, 2016",2016,TV-G,4 Seasons,"Spanish-Language TV Shows, TV Dramas","Set in a dystopian future, a rebellious visionary fights against an oppressive techno-corporation."
s709,Movie,The Silent Guardian 4,James Cameron,"Denzel Washington, Nawazuddin Siddiqui, Penélope Cruz",Italy,"March 13, 2021",2019,TV-14,121 min,"Children & Family Movies, Comedies","In this thrilling sci-fi adventure, intrepid explorers venture beyond known physical limits."
s710,TV Show,Tiger King Saga 5,,"Leonardo DiCaprio, Scarlett Johansson, Aamir Khan, Song Kang-ho, Viola Davis","India, United States","March 23, 2019",2016,TV-G,1 Season,"Crime TV Shows, Docuseries","A witty and satirical look at modern society, ambition, and the pursuit of artistic success."
s711,TV Show,Elite Secrets 6,Hayao Miyazaki,"Irfan Khan, Christian Bale",Nigeria,"June 14, 2021",2016,TV-PG,1 Season,"Kids' TV, TV Comedies","A witty and satirical look at modern society, ambition, and the pursuit of artistic success."
s712,Movie,Arctic Expedition 7,Jordan Peele,"Nawazuddin Siddiqui, Denzel Washington, Viola Davis, Leonardo DiCaprio",Japan,"September 10, 2023",2015,TV-14,101 min,"Action & Adventure, Sci-Fi & Fantasy",An insightful documentary uncovering the hidden truths behind an extraordinary global phenomenon.
s713,Movie,The Silent Horizon 8,David Fincher,"Ryan Gosling, Marion Cotillard, Bae Doona, Song Kang-ho",Spain,"August 8, 2018",1988,R,134 min,Music & Musicals,A visually stunning examination of the natural world and the delicate ecosystems sustaining life.
s714,TV Show,Cyberpunk: Edgerunners 9,,"Joaquin Phoenix, Deepika Padukone","South Korea, United States","January 3, 2022",2019,TV-14,3 Seasons,"TV Action & Adventure, Sci-Fi & Fantasy","In this thrilling sci-fi adventure, intrepid explorers venture beyond known physical limits."
s715,Movie,Letters from Paris 10,Ridley Scott,"Tom Hanks, Meryl Streep","South Korea, United States","August 7, 2016",2005,G,103 min,"Children & Family Movies, Comedies",Dark secrets resurface when a long-forgotten cold case is reopened by ambitious young investigators.
s716,Movie,The Forgotten Kingdom 11,Pedro Almodóvar,,South Korea,"June 16, 2021",2013,TV-G,83 min,Documentaries,Laughter and romance collide when two polar opposites are forced to collaborate on a dream project.
s717,Movie,The Quantum Paradox 12,,"Irfan Khan, Robert De Niro, Penélope Cruz","United Kingdom, United States","December 5, 2023",2010,TV-PG,135 min,"Comedies, Romantic Movies","A gripping tale of mystery, betrayal, and redemption set against an evocative urban backdrop."
s718,TV Show,BoJack's Redemption 13,,"Penélope Cruz, Cate Blanchett, Lupita Nyong'o, Daniel Day-Lewis, Scarlett Johansson",Spain,"January 16, 2019",2010,TV-G,2 Seasons,Stand-Up Comedy & Talk Shows,"A gripping tale of mystery, betrayal, and redemption set against an evocative urban backdrop."
s719,Movie,Shattered Reflections 14,Bong Joon-ho,,"India, United States","June 25, 2021",2021,PG-13,113 min,"Anime Features, International Movies","When a sudden crisis threatens everything they know, an unlikely group must unite to survive."
s720,Movie,Secrets of the Bayou,,"Marion Cotillard, Robert De Niro, Amitabh Bachchan",South Korea,"January 22, 2023",2019,PG-13,79 min,"Comedies, Romantic Movies",Dark secrets resurface when a long-forgotten cold case is reopened by ambitious young investigators.
s721,Movie,The Forgotten Kingdom 1,Federico Fellini,"Shah Rukh Khan, Gong Yoo",Japan,"February 3, 2022",2017,PG,97 min,Stand-Up Comedy,"When a sudden crisis threatens everything they know, an unlikely group must unite to survive."
s722,Movie,Chasing Tomorrow 2,,"Bae Doona, Shah Rukh Khan, Penélope Cruz, Nawazuddin Siddiqui",Nigeria,"December 26, 2019",2019,G,82 min,"Children & Family Movies, Comedies",Laughter and romance collide when two polar opposites are forced to collaborate on a dream project.
s723,Movie,City Lights at Dawn 3,"Alfonso Cuarón, Quentin Tarantino","Gong Yoo, Aamir Khan","India, United States","September 6, 2017",2017,PG,71 min,Documentaries,"A gripping tale of mystery, betrayal, and redemption set against an evocative urban backdrop."
s724,Movie,The Quantum Paradox 4,,"Cate Blanchett, Viola Davis, Lupita Nyong'o, Morgan Freeman",India,"April 23, 2018",2018,TV-G,122 min,"Comedies, Romantic Movies",Laughter and romance collide when two polar opposites are forced to collaborate on a dream project.
s725,Movie,The Eternal Flame 5,S. S. Rajamouli,"Meryl Streep, Robert De Niro, Leonardo DiCaprio, Cate Blanchett","Australia, United States","August 26, 2019",2001,NR,144 min,Music & Musicals,A brilliant detective unravels a complex web of deceit in this high-stakes psychological drama.
s726,Movie,Symphony of Lights 6,,"Mahershala Ali, Priyanka Chopra, Scarlett Johansson, Emma Stone",Spain,"May 16, 2023",2017,PG,71 min,"Action & Adventure, Sci-Fi & Fantasy",An insightful documentary uncovering the hidden truths behind an extraordinary global phenomenon.
s727,TV Show,Peaky Gangsters 7,,,United States,"November 9, 2016",2015,TV-G,1 Season,"Anime Series, International TV Shows",Dark secrets resurface when a long-forgotten cold case is reopened by ambitious young investigators.
s728,Movie,Tides of Fortune 8,"Akira Kurosawa, Greta Gerwig","Mahershala Ali, Deepika Padukone, Denzel Washington",Japan,"November 16, 2016",2000,G,114 min,"Independent Movies, Dramas","An inspiring true-life account of resilience, courage, and triumph against overwhelming odds."
s729,Movie,Shadows of the Valley 9,Ridley Scott,"Joaquin Phoenix, Denzel Washington",Italy,"May 21, 2016",2016,PG,87 min,"Classic Movies, Dramas",A visually stunning examination of the natural world and the delicate ecosystems sustaining life.
s730,TV Show,Emily's Paris Adventures 10,,"Brad Pitt, Aamir Khan, Joaquin Phoenix","Japan, United States","December 6, 2021",2021,TV-G,2 Seasons,"Docuseries, Science & Nature TV",An insightful documentary uncovering the hidden truths behind an extraordinary global phenomenon.
s731,Movie,Subway Stories 11,"Federico Fellini, Hayao Miyazaki",,Spain,"May 21, 2022",2015,TV-PG,91 min,"Documentaries, Sports Movies",An insightful documentary uncovering the hidden truths behind an extraordinary global phenomenon.
s732,Movie,Tides of Fortune 12,Damien Chazelle,"Emma Stone, Song Kang-ho, Meryl Streep","United States, United Kingdom","May 17, 2021",2021,NR,88 min,"Dramas, Independent Movies","A gripping tale of mystery, betrayal, and redemption set against an evocative urban backdrop."
s733,TV Show,Sweet Home Hunters 13,,"Joaquin Phoenix, Lupita Nyong'o, Morgan Freeman","South Korea, United States","May 22, 2020",2020,TV-PG,1 Season,"Kids' TV, TV Comedies","In this thrilling sci-fi adventure, intrepid explorers venture beyond known physical limits."
s734,TV Show,Lupin's Gambit 14,Alejandro G. Iñárritu,"Aamir Khan, Marion Cotillard",Canada,"December 26, 2023",2022,TV-14,1 Season,"Crime TV Shows, Docuseries","A witty and satirical look at modern society, ambition, and the pursuit of artistic success."
s735,Movie,The Golden Compass of Cairo,Spike Lee,,India,"June 13, 2023",2016,G,82 min,"Documentaries, Sports Movies","Set in a dystopian future, a rebellious visionary fights against an oppressive techno-corporation."
s736,Movie,The Silent Horizon 1,,"Meryl Streep, Christian Bale",China,"April 23, 2017",2017,TV-G,103 min,"Children & Family Movies, Comedies",Dark secrets resurface when a long-forgotten cold case is reopened by ambitious young investigators.
s737,TV Show,Ozark Waters 2,Christopher Nolan,"Aamir Khan, Deepika Padukone, Michael B. Jordan",India,"September 21, 2017",2016,TV-Y,1 Season,"Kids' TV, TV Comedies",Laughter and romance collide when two polar opposites are forced to collaborate on a dream project.
s738,Movie,Beyond the Infinite 3,Akira Kurosawa,"Penélope Cruz, Tom Hanks, Brad Pitt",Spain,"February 9, 2021",2021,TV-14,83 min,"Action & Adventure, Sci-Fi & Fantasy","Set in a dystopian future, a rebellious visionary fights against an oppressive techno-corporation."
s739,TV Show,Money Heist: Global 4,Chloe Zhao,"Nawazuddin Siddiqui, Robert De Niro, Christian Bale, Scarlett Johansson, Morgan Freeman",United States,"June 13, 2019",1981,NR,3 Seasons,"International TV Shows, TV Dramas, TV Mysteries",Laughter and romance collide when two polar opposites are forced to collaborate on a dream project.
s740,Movie,Winter's Embrace 5,Ridley Scott,"Lupita Nyong'o, Michael B. Jordan, Denzel Washington, Nawazuddin Siddiqui",Japan,"November 28, 2023",2016,PG,107 min,"Independent Movies, Dramas","In this thrilling sci-fi adventure, intrepid explorers venture beyond known physical limits."
s741,TV Show,Money & Power 6,,,"United Kingdom, United States","June 10, 2022",2022,TV-Y,2 Seasons,"British TV Shows, Docuseries","A heartwarming story exploring the delicate bonds of family, friendship, and cultural identity."
s742,Movie,The Northern Light 7,Quentin Tarantino,,"South Korea, United States","October 19, 2021",2015,TV-14,100 min,"Independent Movies, Dramas","A heartwarming story exploring the delicate bonds of family, friendship, and cultural identity."
s743,TV Show,Wednesday's Shadow 8,Wes Anderson,"Priyanka Chopra, Emma Stone, Lee Jung-jae, Cate Blanchett, Tom Hanks",Brazil,"June 19, 2018",2018,TV-Y,3 Seasons,"Korean TV Shows, TV Dramas","An inspiring true-life account of resilience, courage, and triumph against overwhelming odds."
s744,TV Show,Kingdom of Shadows 9,"Spike Lee, Anurag Kashyap","Aamir Khan, Denzel Washington, Irfan Khan, Meryl Streep, Gong Yoo","Spain, France","November 15, 2021",2021,TV-Y,4 Seasons,Stand-Up Comedy & Talk Shows,"In this thrilling sci-fi adventure, intrepid explorers venture beyond known physical limits."
s745,Movie,Secrets of the Bayou 10,Jordan Peele,"Meryl Streep, Emma Stone, Leonardo DiCaprio",China,"June 1, 2022",2002,PG,96 min,Stand-Up Comedy,"An inspiring true-life account of resilience, courage, and triumph against overwhelming odds."
s746,Movie,Velvet Dreams 11,Ava DuVernay,"Irfan Khan, Brad Pitt, Penélope Cruz, Leonardo DiCaprio",China,"September 11, 2019",2017,TV-MA,82 min,"Children & Family Movies, Comedies","In this thrilling sci-fi adventure, intrepid explorers venture beyond known physical limits."
s747,Movie,Parallel Realities 12,,"Joaquin Phoenix, Robert De Niro, Meryl Streep, Shah Rukh Khan",Germany,"July 3, 2022",2021,G,89 min,"Classic Movies, Dramas","In this thrilling sci-fi adventure, intrepid explorers venture beyond known physical limits."
s748,Movie,The Red Lantern 13,Martin Scorsese,,,"May 21, 2019",2019,TV-PG,118 min,"Dramas, International Movies",A visually stunning examination of the natural world and the delicate ecosystems sustaining life.
s749,Movie,The Forgotten Kingdom 14,Jean-Luc Godard,"Denzel Washington, Deepika Padukone, Marion Cotillard",Spain,"August 20, 2023",2022,TV-G,113 min,"Dramas, Independent Movies","A heartwarming story exploring the delicate bonds of family, friendship, and cultural identity."
s750,TV Show,BoJack's Redemption,,"Meryl Streep, Cate Blanchett, Ken Watanabe, Gong Yoo",India,"May 1, 2017",2014,TV-Y,1 Season,"Kids' TV, TV Comedies","In this thrilling sci-fi adventure, intrepid explorers venture beyond known physical limits."
s751,Movie,Solar Flare 1,Wes Anderson,"Christian Bale, Lee Jung-jae, Cate Blanchett, Leonardo DiCaprio, Penélope Cruz",Japan,"January 13, 2018",2016,R,80 min,"Action & Adventure, Comedies","Set in a dystopian future, a rebellious visionary fights against an oppressive techno-corporation."
s752,Movie,Sunset Boulevard Memories 2,Pedro Almodóvar,"Penélope Cruz, Bae Doona, Brad Pitt","United Kingdom, United States","December 6, 2019",2019,PG,104 min,"Action & Adventure, Comedies",Laughter and romance collide when two polar opposites are forced to collaborate on a dream project.
s753,Movie,Ocean's Melody 3,Quentin Tarantino,"Viola Davis, Christian Bale, Aamir Khan",Canada,,1995,TV-MA,118 min,"Dramas, Independent Movies",A visually stunning examination of the natural world and the delicate ecosystems sustaining life.
s754,Movie,The Emerald Isle 4,,"Shah Rukh Khan, Lupita Nyong'o, Ken Watanabe, Bae Doona, Marion Cotillard",Germany,"September 6, 2017",2014,G,65 min,"Dramas, International Movies",A brilliant detective unravels a complex web of deceit in this high-stakes psychological drama.
s755,TV Show,The Social Dilemma Series 5,,"Aamir Khan, Scarlett Johansson, Lee Jung-jae, Gong Yoo, Denzel Washington","United States, United Kingdom","January 12, 2021",2021,TV-14,1 Season,"TV Comedies, Romantic TV Shows","A heartwarming story exploring the delicate bonds of family, friendship, and cultural identity."
s756,Movie,The Amber Room 6,,"Leonardo DiCaprio, Lupita Nyong'o, Bae Doona, Christian Bale",Italy,"February 19, 2018",2016,TV-G,113 min,"Documentaries, Sports Movies","An inspiring true-life account of resilience, courage, and triumph against overwhelming odds."
s757,Movie,The Last Renaissance 7,Federico Fellini,"Meryl Streep, Shah Rukh Khan, Morgan Freeman, Robert De Niro",India,"December 20, 2022",1987,TV-14,87 min,Music & Musicals,"A heartwarming story exploring the delicate bonds of family, friendship, and cultural identity."
s758,Movie,The Eternal Flame 8,David Fincher,"Michael B. Jordan, Bae Doona, Lee Jung-jae, Robert De Niro",Nigeria,"September 13, 2019",2017,NR,114 min,"Documentaries, Sports Movies","A witty and satirical look at modern society, ambition, and the pursuit of artistic success."
s759,TV Show,Wednesday's Shadow 9,,"Lee Jung-jae, Ken Watanabe","United States, United Kingdom","September 16, 2022",2017,NR,1 Season,"British TV Shows, Docuseries","An inspiring true-life account of resilience, courage, and triumph against overwhelming odds."
s760,TV Show,Money Heist: Global 10,Christopher Nolan,"Daniel Day-Lewis, Deepika Padukone, Denzel Washington",United States,"July 24, 2022",2020,TV-Y,1 Season,"Spanish-Language TV Shows, TV Dramas","When a sudden crisis threatens everything they know, an unlikely group must unite to survive."
s761,TV Show,Kingdom of Shadows 11,Damien Chazelle,"Aamir Khan, Lee Jung-jae, Song Kang-ho","France, Germany","November 18, 2018",2018,NR,1 Season,"Kids' TV, TV Comedies","In this thrilling sci-fi adventure, intrepid explorers venture beyond known physical limits."
s762,TV Show,Arcane Legends 12,Wes Anderson,"Amitabh Bachchan, Lupita Nyong'o, Gong Yoo, Priyanka Chopra","India, United States","June 17, 2019",2018,TV-MA,1 Season,"British TV Shows, Docuseries","When a sudden crisis threatens everything they know, an unlikely group must unite to survive."
s763,Movie,The Alabaster Box 13,,"Priyanka Chopra, Mahershala Ali, Meryl Streep, Ken Watanabe",Australia,"November 20, 2020",2003,NR,85 min,"Action & Adventure, Comedies","An inspiring true-life account of resilience, courage, and triumph against overwhelming odds."
s764,TV Show,Itaewon Class Dreamers 14,,"Song Kang-ho, Lupita Nyong'o",Spain,"July 10, 2019",2005,TV-MA,1 Season,"Anime Series, International TV Shows","In this thrilling sci-fi adventure, intrepid explorers venture beyond known physical limits."
s765,TV Show,Sweet Home Hunters,,"Gong Yoo, Christian Bale, Daniel Day-Lewis, Nawazuddin Siddiqui, Bae Doona",India,"December 28, 2019",2019,NR,2 Seasons,"International TV Shows, TV Dramas, TV Mysteries",A brilliant detective unravels a complex web of deceit in this high-stakes psychological drama.
s766,Movie,Underground Symphony 1,"Lulu Wang, Quentin Tarantino","Gong Yoo, Leonardo DiCaprio, Joaquin Phoenix",Germany,"July 6, 2021",2013,NR,62 min,"Documentaries, Sports Movies",Laughter and romance collide when two polar opposites are forced to collaborate on a dream project.
s767,TV Show,Mirzapur Chronicles 2,Jean-Luc Godard,"Ryan Gosling, Shah Rukh Khan, Morgan Freeman, Ken Watanabe","United States, Canada","December 19, 2021",2019,NR,1 Season,Stand-Up Comedy & Talk Shows,"An inspiring true-life account of resilience, courage, and triumph against overwhelming odds."
s768,Movie,The Final Hour 3,Denis Villeneuve,"Lupita Nyong'o, Meryl Streep, Morgan Freeman, Leonardo DiCaprio, Robert De Niro",,"February 8, 2019",2003,TV-MA,66 min,"Documentaries, Sports Movies",A brilliant detective unravels a complex web of deceit in this high-stakes psychological drama.
s769,Movie,Midnight Echoes 4,Hayao Miyazaki,"Amitabh Bachchan, Christian Bale, Emma Stone, Ryan Gosling, Priyanka Chopra","France, Germany","July 15, 2019",2007,TV-14,103 min,Music & Musicals,Laughter and romance collide when two polar opposites are forced to collaborate on a dream project.
s770,Movie,  The Alabaster Box 5  ,Wes Anderson,"Penélope Cruz, Brad Pitt, Amitabh Bachchan, Christian Bale",South Korea,"November 1, 2018",2009,PG-13,107 min,Stand-Up Comedy,Dark secrets resurface when a long-forgotten cold case is reopened by ambitious young investigators.
s771,Movie,The Hidden Fortress of Kyoto 6,Hayao Miyazaki,"Michael B. Jordan, Meryl Streep, Shah Rukh Khan, Gong Yoo, Aamir Khan",United Kingdom,"June 16, 2018",2017,TV-PG,82 min,"Classic Movies, Dramas","A witty and satirical look at modern society, ambition, and the pursuit of artistic success."
s772,Movie,Parallel Realities 7,Alejandro G. Iñárritu,"Lee Jung-jae, Priyanka Chopra","United Kingdom, United States","January 18, 2022",2016,TV-MA,116 min,Music & Musicals,A visually stunning examination of the natural world and the delicate ecosystems sustaining life.
s773,Movie,Shattered Reflections 8,,"Amitabh Bachchan, Meryl Streep, Mahershala Ali",France,"March 4, 2022",2018,TV-MA,65 min,Music & Musicals,An insightful documentary uncovering the hidden truths behind an extraordinary global phenomenon.
s774,Movie,A Journey Through Time 9,Damien Chazelle,"Penélope Cruz, Mahershala Ali, Ryan Gosling",Canada,"April 6, 2023",2022,PG-13,100 min,"Independent Movies, Dramas",A brilliant detective unravels a complex web of deceit in this high-stakes psychological drama.
s775,Movie,Wings of Steel 10,Ridley Scott,"Leonardo DiCaprio, Amitabh Bachchan, Bae Doona, Brad Pitt, Shah Rukh Khan",,"December 4, 2023",2022,TV-PG,75 min,"Action & Adventure, Sci-Fi & Fantasy","An inspiring true-life account of resilience, courage, and triumph against overwhelming odds."
s776,TV Show,Emily's Paris Adventures 11,,"Morgan Freeman, Deepika Padukone","Australia, United States","January 9, 2016",2002,NR,4 Seasons,"Reality TV, Romance TV","Set in a dystopian future, a rebellious visionary fights against an oppressive techno-corporation."
s777,TV Show,Wednesday's Shadow 12,,"Michael B. Jordan, Amitabh Bachchan, Daniel Day-Lewis, Aamir Khan",India,"April 13, 2020",2019,NR,2 Seasons,"Anime Series, International TV Shows","When a sudden crisis threatens everything they know, an unlikely group must unite to survive."
s778,Movie,The Forgotten Realm 13,Denis Villeneuve,,"India, United States","February 10, 2020",2020,NR,87 min,Documentaries,"A gripping tale of mystery, betrayal, and redemption set against an evocative urban backdrop."
s779,Movie,Midnight Echoes 14,Denis Villeneuve,"Cate Blanchett, Scarlett Johansson, Tom Hanks, Aamir Khan, Denzel Washington","Australia, United States","February 28, 2018",2018,TV-G,103 min,Stand-Up Comedy,A visually stunning examination of the natural world and the delicate ecosystems sustaining life.
s780,Movie,Fading Shadows,Denis Villeneuve,,Canada,"February 20, 2017",2017,TV-PG,83 min,Music & Musicals,Dark secrets resurface when a long-forgotten cold case is reopened by ambitious young investigators.
s781,TV Show,Descendants of Honor 1,,"Robert De Niro, Emma Stone, Song Kang-ho",Mexico,"August 21, 2018",2015,NR,1 Season,"TV Comedies, Romantic TV Shows",An insightful documentary uncovering the hidden truths behind an extraordinary global phenomenon.
s782,Movie,Shadows of the Valley 2,Alfonso Cuarón,"Mahershala Ali, Morgan Freeman",Australia,"December 28, 2019",2015,G,93 min,"Action & Adventure, Comedies","When a sudden crisis threatens everything they know, an unlikely group must unite to survive."
s783,TV Show,Stranger Encounters 3,Pedro Almodóvar,"Meryl Streep, Christian Bale, Marion Cotillard, Lee Jung-jae, Scarlett Johansson",South Korea,"September 12, 2021",2020,TV-14,1 Season,"International TV Shows, TV Dramas, TV Mysteries",An insightful documentary uncovering the hidden truths behind an extraordinary global phenomenon.
s784,TV Show,Explained: Everything 4,,"Denzel Washington, Nawazuddin Siddiqui, Scarlett Johansson, Deepika Padukone, Shah Rukh Khan","United Kingdom, United States","October 20, 2018",2015,TV-MA,1 Season,"Korean TV Shows, TV Dramas","A gripping tale of mystery, betrayal, and redemption set against an evocative urban backdrop."
s785,Movie,Under the Tuscan Stars 5,Bong Joon-ho,"Shah Rukh Khan, Leonardo DiCaprio, Marion Cotillard, Emma Stone",,"July 16, 2021",2015,TV-G,124 min,"Thrillers, International Movies",Laughter and romance collide when two polar opposites are forced to collaborate on a dream project.
s786,Movie,Digital Nomads 6,Pedro Almodóvar,"Amitabh Bachchan, Daniel Day-Lewis, Viola Davis, Gong Yoo, Christian Bale",Spain,"January 18, 2017",2015,NR,89 min,"Comedies, Romantic Movies","A gripping tale of mystery, betrayal, and redemption set against an evocative urban backdrop."
s787,TV Show,The Social Dilemma Series 7,Bong Joon-ho,"Cate Blanchett, Ken Watanabe, Shah Rukh Khan, Nawazuddin Siddiqui","United Kingdom, United States","August 4, 2021",2016,TV-G,1 Season,"Anime Series, International TV Shows",Dark secrets resurface when a long-forgotten cold case is reopened by ambitious young investigators.
s788,Movie,Dancing in the Rain 8,,"Denzel Washington, Lee Jung-jae, Marion Cotillard",India,"August 10, 2020",2008,TV-MA,120 min,"Anime Features, International Movies","In this thrilling sci-fi adventure, intrepid explorers venture beyond known physical limits."
s789,Movie,The Emerald Isle 9,Pedro Almodóvar,"Viola Davis, Ken Watanabe, Meryl Streep, Penélope Cruz, Scarlett Johansson",Mexico,"March 27, 2022",2018,TV-14,77 min,"Action & Adventure, Comedies",Laughter and romance collide when two polar opposites are forced to collaborate on a dream project.
s790,Movie,Parallel Realities 10,,"Morgan Freeman, Gong Yoo, Meryl Streep",,"May 11, 2017",2006,TV-MA,113 min,"Documentaries, Sports Movies","When a sudden crisis threatens everything they know, an unlikely group must unite to survive."
s791,Movie,Secrets of the Bayou 11,Steven Spielberg,,"India, United States","October 1, 2020",2016,TV-MA,133 min,"Thrillers, International Movies","A heartwarming story exploring the delicate bonds of family, friendship, and cultural identity."
s792,Movie,The Forgotten Melody 12,,"Aamir Khan, Ken Watanabe, Marion Cotillard, Brad Pitt, Song Kang-ho",Nigeria,"October 18, 2022",2021,G,50 min,"Comedies, Romantic Movies","A heartwarming story exploring the delicate bonds of family, friendship, and cultural identity."
s793,Movie,Echoes of Silence 13,Jordan Peele,"Mahershala Ali, Nawazuddin Siddiqui, Amitabh Bachchan","South Korea, United States","October 19, 2020",1999,TV-G,84 min,"Documentaries, Sports Movies","A gripping tale of mystery, betrayal, and redemption set against an evocative urban backdrop."
s794,TV Show,Cobra Strike 14,,"Meryl Streep, Penélope Cruz, Lee Jung-jae",,"February 14, 2017",2017,TV-G,2 Seasons,"Spanish-Language TV Shows, TV Dramas","A witty and satirical look at modern society, ambition, and the pursuit of artistic success."
s795,Movie,Chronicles of Mars,Jordan Peele,"Tom Hanks, Scarlett Johansson, Cate Blanchett, Bae Doona, Meryl Streep","United Kingdom, United States","February 18, 2019",2019,TV-14,114 min,"Classic Movies, Dramas","A heartwarming story exploring the delicate bonds of family, friendship, and cultural identity."
s796,Movie,Song of the Prairie 1,Spike Lee,"Deepika Padukone, Bae Doona, Leonardo DiCaprio, Amitabh Bachchan, Denzel Washington",Spain,"June 16, 2023",2021,PG,97 min,"Action & Adventure, Comedies","In this thrilling sci-fi adventure, intrepid explorers venture beyond known physical limits."
s797,Movie,The Iron Fortress 2,Denis Villeneuve,"Joaquin Phoenix, Shah Rukh Khan, Nawazuddin Siddiqui, Tom Hanks, Lee Jung-jae",Italy,"May 2, 2022",2022,TV-MA,110 min,"Children & Family Movies, Comedies","When a sudden crisis threatens everything they know, an unlikely group must unite to survive."
s798,Movie,Song of the Prairie 3,Jordan Peele,"Marion Cotillard, Lupita Nyong'o, Priyanka Chopra, Michael B. Jordan",Nigeria,"May 21, 2021",2021,G,88 min,"Anime Features, International Movies","A witty and satirical look at modern society, ambition, and the pursuit of artistic success."
s799,Movie,Flight Across the Atlantic 4,Federico Fellini,,Australia,"March 18, 2022",2022,PG,103 min,"Dramas, Independent Movies",A brilliant detective unravels a complex web of deceit in this high-stakes psychological drama.
s800,Movie,The Forgotten Kingdom 5,Alfonso Cuarón,,Germany,"October 2, 2021",2021,TV-14,98 min,Stand-Up Comedy,A visually stunning examination of the natural world and the delicate ecosystems sustaining life.
s801,TV Show,Emily's Paris Adventures 6,,"Meryl Streep, Brad Pitt, Cate Blanchett, Ryan Gosling, Penélope Cruz",Canada,"November 25, 2021",2018,TV-14,9 Seasons,"Kids' TV, TV Comedies",Dark secrets resurface when a long-forgotten cold case is reopened by ambitious young investigators.
s802,Movie,The Golden Harvest 7,Chloe Zhao,"Robert De Niro, Viola Davis, Mahershala Ali",Canada,"June 9, 2018",2015,TV-14,127 min,"Comedies, Romantic Movies","An inspiring true-life account of resilience, courage, and triumph against overwhelming odds."
s803,Movie,Chronicles of the Lost City 8,S. S. Rajamouli,,Italy,"December 3, 2023",2011,TV-14,107 min,"Independent Movies, Dramas","Set in a dystopian future, a rebellious visionary fights against an oppressive techno-corporation."
s804,Movie,The Last Frontier 9,Christopher Nolan,"Tom Hanks, Christian Bale, Joaquin Phoenix, Cate Blanchett, Bae Doona","United States, Canada","October 6, 2021",2003,TV-14,109 min,"Classic Movies, Dramas",Laughter and romance collide when two polar opposites are forced to collaborate on a dream project.
s805,Movie,The Hidden Fortress of Kyoto 10,Jean-Luc Godard,"Ryan Gosling, Cate Blanchett, Mahershala Ali, Lupita Nyong'o, Viola Davis","Japan, United States","December 20, 2018",2016,TV-G,92 min,"Thrillers, International Movies","In this thrilling sci-fi adventure, intrepid explorers venture beyond known physical limits."
s806,Movie,Vanguard of Peace 11,,,China,"October 18, 2019",2015,G,91 min,Documentaries,Laughter and romance collide when two polar opposites are forced to collaborate on a dream project.
s807,Movie,Midnight in Mumbai 12,"Taika Waititi, Alejandro G. Iñárritu","Priyanka Chopra, Ken Watanabe",,"May 17, 2019",2019,PG-13,92 min,"Children & Family Movies, Comedies",Laughter and romance collide when two polar opposites are forced to collaborate on a dream project.
s808,Movie,The Silver Lining 13,Federico Fellini,"Denzel Washington, Mahershala Ali, Nawazuddin Siddiqui, Viola Davis, Shah Rukh Khan",,"August 25, 2021",2006,PG-13,110 min,"Independent Movies, Dramas",A visually stunning examination of the natural world and the delicate ecosystems sustaining life.
s809,Movie,The Obsidian Tower 14,Martin Scorsese,"Deepika Padukone, Viola Davis, Aamir Khan",France,"December 10, 2021",2006,TV-PG,92 min,"Independent Movies, Dramas","An inspiring true-life account of resilience, courage, and triumph against overwhelming odds."
s810,TV Show,Stranger Encounters,,"Amitabh Bachchan, Scarlett Johansson, Tom Hanks",Nigeria,"May 13, 2023",2022,TV-MA,1 Season,"Crime TV Shows, Docuseries","When a sudden crisis threatens everything they know, an unlikely group must unite to survive."
s811,TV Show,Mindful Hunters 1,,"Priyanka Chopra, Denzel Washington, Leonardo DiCaprio, Christian Bale","United States, Canada","April 28, 2018",2007,TV-PG,1 Season,"International TV Shows, TV Dramas, TV Mysteries",An insightful documentary uncovering the hidden truths behind an extraordinary global phenomenon.
s812,TV Show,BoJack's Redemption 2,Federico Fellini,,Japan,"December 25, 2019",2019,TV-Y7,1 Season,"Korean TV Shows, TV Dramas",Dark secrets resurface when a long-forgotten cold case is reopened by ambitious young investigators.
s813,TV Show,Dark Mysteries 3,,"Deepika Padukone, Viola Davis, Amitabh Bachchan",Canada,"May 12, 2021",2018,TV-PG,1 Season,"Spanish-Language TV Shows, TV Dramas",Laughter and romance collide when two polar opposites are forced to collaborate on a dream project.
s814,Movie,Under the Tuscan Stars 4,Greta Gerwig,"Scarlett Johansson, Morgan Freeman",France,"November 20, 2023",1989,TV-G,108 min,"Horror Movies, Thrillers",Laughter and romance collide when two polar opposites are forced to collaborate on a dream project.
s815,Movie,Ghosts of the Metropolis 5,Wes Anderson,"Song Kang-ho, Priyanka Chopra",United Kingdom,"February 20, 2016",2000,PG-13,147 min,"Children & Family Movies, Comedies",A brilliant detective unravels a complex web of deceit in this high-stakes psychological drama.
s816,Movie,Flight Across the Atlantic 6,Spike Lee,"Joaquin Phoenix, Marion Cotillard, Lupita Nyong'o",Australia,"December 28, 2017",2016,TV-14,121 min,"Classic Movies, Dramas","When a sudden crisis threatens everything they know, an unlikely group must unite to survive."
s817,Movie,Crimson Peak Journey 7,,"Viola Davis, Nawazuddin Siddiqui, Denzel Washington, Penélope Cruz",Brazil,"August 23, 2022",2022,TV-PG,94 min,Documentaries,"A witty and satirical look at modern society, ambition, and the pursuit of artistic success."
s818,Movie,The Neon Samurai 8,Taika Waititi,"Nawazuddin Siddiqui, Tom Hanks, Denzel Washington, Ryan Gosling, Mahershala Ali","South Korea, United States","May 27, 2022",2022,G,128 min,Documentaries,"A gripping tale of mystery, betrayal, and redemption set against an evocative urban backdrop."
s819,TV Show,Chef's Table Worldwide 9,,"Amitabh Bachchan, Joaquin Phoenix, Morgan Freeman, Penélope Cruz","Spain, France","September 8, 2022",2022,TV-14,5 Seasons,"Spanish-Language TV Shows, TV Dramas","A witty and satirical look at modern society, ambition, and the pursuit of artistic success."
s820,Movie,The Forgotten Realm 10,Ridley Scott,"Penélope Cruz, Shah Rukh Khan",India,"January 1, 2018",2003,TV-G,93 min,Stand-Up Comedy,Laughter and romance collide when two polar opposites are forced to collaborate on a dream project.
s821,TV Show,Never Have I Ever Known 11,Lulu Wang,"Leonardo DiCaprio, Cate Blanchett",South Korea,"January 24, 2020",2016,TV-PG,1 Season,"Spanish-Language TV Shows, TV Dramas","When a sudden crisis threatens everything they know, an unlikely group must unite to survive."
s822,TV Show,  Babylon Berlin Nights 12  ,,"Song Kang-ho, Mahershala Ali, Ryan Gosling","India, United States","January 7, 2016",2016,TV-Y7,3 Seasons,"Docuseries, Science & Nature TV","A heartwarming story exploring the delicate bonds of family, friendship, and cultural identity."
s823,TV Show,Elite Secrets 13,Ava DuVernay,"Lupita Nyong'o, Meryl Streep",India,"May 3, 2022",2021,TV-Y7,3 Seasons,"TV Action & Adventure, Sci-Fi & Fantasy","When a sudden crisis threatens everything they know, an unlikely group must unite to survive."
s824,TV Show,Crash Landing on Destiny 14,Anurag Kashyap,,Mexico,"January 17, 2023",2019,TV-Y,2 Seasons,"Docuseries, Science & Nature TV",Laughter and romance collide when two polar opposites are forced to collaborate on a dream project.
s825,Movie,Velvet Dreams,Stanley Kubrick,"Leonardo DiCaprio, Marion Cotillard, Nawazuddin Siddiqui, Scarlett Johansson, Gong Yoo","Japan, United States","June 1, 2022",2022,PG,57 min,"Thrillers, International Movies",A visually stunning examination of the natural world and the delicate ecosystems sustaining life.
s826,Movie,The Broken Compass 1,,"Meryl Streep, Cate Blanchett, Morgan Freeman","South Korea, United States","July 1, 2018",2013,PG-13,79 min,"Documentaries, Sports Movies","An inspiring true-life account of resilience, courage, and triumph against overwhelming odds."
s827,Movie,The Quantum Paradox 2,Alejandro G. Iñárritu,"Lee Jung-jae, Ken Watanabe","South Korea, United States","May 13, 2023",2017,TV-MA,60 min,"Classic Movies, Dramas","A witty and satirical look at modern society, ambition, and the pursuit of artistic success."
s828,Movie,Velvet Dreams 3,,"Morgan Freeman, Nawazuddin Siddiqui, Joaquin Phoenix, Amitabh Bachchan, Shah Rukh Khan","United States, United Kingdom","January 26, 2023",2016,TV-14,94 min,"Anime Features, International Movies",Dark secrets resurface when a long-forgotten cold case is reopened by ambitious young investigators.
s829,TV Show,Mindful Hunters 4,Anurag Kashyap,"Mahershala Ali, Nawazuddin Siddiqui",France,"June 16, 2018",2017,TV-MA,4 Seasons,"International TV Shows, TV Dramas, TV Mysteries","When a sudden crisis threatens everything they know, an unlikely group must unite to survive."
s830,Movie,Midnight in Mumbai 5,Quentin Tarantino,"Morgan Freeman, Joaquin Phoenix, Gong Yoo","United States, Canada","January 2, 2020",2020,NR,102 min,"Action & Adventure, Sci-Fi & Fantasy","A heartwarming story exploring the delicate bonds of family, friendship, and cultural identity."
s831,TV Show,Alice in Border City 6,,"Priyanka Chopra, Deepika Padukone",,"February 4, 2020",2020,TV-Y,1 Season,"Reality TV, Romance TV","When a sudden crisis threatens everything they know, an unlikely group must unite to survive."
s832,Movie,The Obsidian Tower 7,,,"Australia, United States","October 5, 2022",2022,TV-MA,138 min,"Documentaries, Sports Movies",Laughter and romance collide when two polar opposites are forced to collaborate on a dream project.
s833,Movie,Midnight Echoes 8,Denis Villeneuve,"Mahershala Ali, Emma Stone, Marion Cotillard, Tom Hanks","United States, Canada","June 5, 2022",2018,TV-G,109 min,"Documentaries, Sports Movies","When a sudden crisis threatens everything they know, an unlikely group must unite to survive."
s834,TV Show,Planet Earth Chronicles 9,Greta Gerwig,"Ryan Gosling, Cate Blanchett, Penélope Cruz","Australia, United States","March 12, 2016",2005,TV-Y7,1 Season,"TV Comedies, Romantic TV Shows","When a sudden crisis threatens everything they know, an unlikely group must unite to survive."
s835,Movie,The Sapphire Shore 10,Jordan Peele,"Irfan Khan, Denzel Washington, Aamir Khan","United Kingdom, United States","April 19, 2023",2021,TV-14,97 min,"Dramas, Independent Movies",An insightful documentary uncovering the hidden truths behind an extraordinary global phenomenon.
s836,Movie,The Deep Blue 11,Spike Lee,"Aamir Khan, Morgan Freeman, Denzel Washington, Lupita Nyong'o",Nigeria,"June 15, 2022",1981,TV-PG,120 min,Stand-Up Comedy,"A heartwarming story exploring the delicate bonds of family, friendship, and cultural identity."
s837,Movie,The Silent Horizon 12,Chloe Zhao,"Christian Bale, Robert De Niro, Ken Watanabe, Ryan Gosling","Japan, United States","February 4, 2017",2003,G,53 min,"Comedies, Romantic Movies","An inspiring true-life account of resilience, courage, and triumph against overwhelming odds."
s838,Movie,The Art of Escape 13,Jean-Luc Godard,"Amitabh Bachchan, Shah Rukh Khan",Italy,"June 27, 2020",2020,TV-MA,107 min,Music & Musicals,"A heartwarming story exploring the delicate bonds of family, friendship, and cultural identity."
s839,TV Show,Too Hot to Touch 14,,"Michael B. Jordan, Denzel Washington, Leonardo DiCaprio, Shah Rukh Khan","South Korea, United States","April 28, 2021",2001,TV-PG,5 Seasons,"Spanish-Language TV Shows, TV Dramas","A witty and satirical look at modern society, ambition, and the pursuit of artistic success."
s840,Movie,Shadows in the Mist,Jean-Luc Godard,"Christian Bale, Bae Doona, Song Kang-ho, Morgan Freeman, Lee Jung-jae",India,"November 1, 2021",1998,TV-MA,118 min,"Dramas, International Movies","A gripping tale of mystery, betrayal, and redemption set against an evocative urban backdrop."
s841,Movie,The Amber Room 1,Christopher Nolan,"Leonardo DiCaprio, Joaquin Phoenix",India,"February 3, 2020",2008,TV-MA,69 min,Documentaries,"A witty and satirical look at modern society, ambition, and the pursuit of artistic success."
s842,Movie,Crimson Peak Journey 2,Jordan Peele,"Tom Hanks, Robert De Niro, Deepika Padukone, Priyanka Chopra",,"November 1, 2022",2022,NR,127 min,"Dramas, International Movies","When a sudden crisis threatens everything they know, an unlikely group must unite to survive."
s843,TV Show,Dead to Me Truths 3,,"Gong Yoo, Joaquin Phoenix, Morgan Freeman",South Korea,"October 23, 2020",2019,TV-14,1 Season,"Docuseries, Science & Nature TV",A visually stunning examination of the natural world and the delicate ecosystems sustaining life.
s844,TV Show,Delhi Crime Files 4,,"Shah Rukh Khan, Michael B. Jordan, Leonardo DiCaprio",,"May 5, 2021",2021,TV-MA,1 Season,"TV Action & Adventure, Sci-Fi & Fantasy","A heartwarming story exploring the delicate bonds of family, friendship, and cultural identity."
s845,Movie,The Last Voyage 5,Greta Gerwig,"Ryan Gosling, Lupita Nyong'o, Christian Bale",,"November 14, 2016",2015,R,109 min,"Dramas, International Movies","A witty and satirical look at modern society, ambition, and the pursuit of artistic success."
s846,Movie,The Ancient Secret 6,Greta Gerwig,"Cate Blanchett, Priyanka Chopra",Germany,"November 11, 2020",1980,TV-G,92 min,"Thrillers, International Movies","An inspiring true-life account of resilience, courage, and triumph against overwhelming odds."
s847,TV Show,Wednesday's Shadow 7,,"Cate Blanchett, Shah Rukh Khan, Nawazuddin Siddiqui",Italy,"November 26, 2022",2018,TV-G,1 Season,"Anime Series, International TV Shows",A brilliant detective unravels a complex web of deceit in this high-stakes psychological drama.
s848,Movie,Sunset Boulevard Memories 8,Alfonso Cuarón,,United Kingdom,"March 7, 2016",1987,TV-MA,115 min,Music & Musicals,"An inspiring true-life account of resilience, courage, and triumph against overwhelming odds."
s849,Movie,Song of the Prairie 9,Guillermo del Toro,"Leonardo DiCaprio, Deepika Padukone, Christian Bale, Nawazuddin Siddiqui, Scarlett Johansson",South Korea,"December 19, 2020",2020,TV-G,151 min,"Anime Features, International Movies",A visually stunning examination of the natural world and the delicate ecosystems sustaining life.
s850,Movie,The Broken Compass 10,"Quentin Tarantino, Chloe Zhao","Penélope Cruz, Brad Pitt, Priyanka Chopra, Tom Hanks, Gong Yoo","United States, Canada","November 4, 2019",2019,TV-G,106 min,"Action & Adventure, Sci-Fi & Fantasy","A gripping tale of mystery, betrayal, and redemption set against an evocative urban backdrop."
s851,Movie,The Red Lantern 11,,"Morgan Freeman, Tom Hanks, Denzel Washington",Spain,"December 5, 2019",2019,TV-MA,107 min,"Comedies, Romantic Movies",Laughter and romance collide when two polar opposites are forced to collaborate on a dream project.
s852,TV Show,Arcane Legends 12,,"Morgan Freeman, Leonardo DiCaprio","Spain, France","December 23, 2020",2015,TV-14,2 Seasons,"Reality TV, Romance TV",A brilliant detective unravels a complex web of deceit in this high-stakes psychological drama.
s853,Movie,The Secret Alchemist 13,,"Morgan Freeman, Cate Blanchett",India,"January 22, 2021",2021,R,91 min,"Dramas, Independent Movies",A visually stunning examination of the natural world and the delicate ecosystems sustaining life.
s854,Movie,The Whispering Pines 14,,"Brad Pitt, Meryl Streep, Shah Rukh Khan",United Kingdom,"May 13, 2023",2016,PG,83 min,"Independent Movies, Dramas",Dark secrets resurface when a long-forgotten cold case is reopened by ambitious young investigators.
s855,Movie,Beyond the Infinite,,"Brad Pitt, Priyanka Chopra, Aamir Khan, Shah Rukh Khan",United Kingdom,"August 1, 2022",2001,NR,120 min,"Dramas, Independent Movies",A brilliant detective unravels a complex web of deceit in this high-stakes psychological drama.
s856,Movie,The Glass Palace 1,Steven Spielberg,"Tom Hanks, Cate Blanchett, Aamir Khan, Deepika Padukone, Denzel Washington",Australia,"August 14, 2016",1989,TV-14,83 min,"Independent Movies, Dramas","In this thrilling sci-fi adventure, intrepid explorers venture beyond known physical limits."
s857,Movie,The Celestial Sphere 2,,"Shah Rukh Khan, Lee Jung-jae, Song Kang-ho, Morgan Freeman, Priyanka Chopra",Canada,"April 26, 2020",2017,TV-PG,103 min,Music & Musicals,"Set in a dystopian future, a rebellious visionary fights against an oppressive techno-corporation."
s858,Movie,Parallel Realities 3,,"Ken Watanabe, Christian Bale",China,"December 3, 2020",2018,G,91 min,"Children & Family Movies, Comedies","In this thrilling sci-fi adventure, intrepid explorers venture beyond known physical limits."
s859,Movie,A Journey Through Time 4,Anurag Kashyap,"Deepika Padukone, Denzel Washington, Daniel Day-Lewis",Spain,"February 3, 2019",1981,NR,112 min,"Horror Movies, Thrillers",Laughter and romance collide when two polar opposites are forced to collaborate on a dream project.
s860,TV Show,Elite Secrets 5,,"Joaquin Phoenix, Ken Watanabe, Lupita Nyong'o, Lee Jung-jae, Aamir Khan","Australia, United States","April 12, 2021",2012,TV-Y,1 Season,"TV Action & Adventure, Sci-Fi & Fantasy",Laughter and romance collide when two polar opposites are forced to collaborate on a dream project.
s861,TV Show,Explained: Everything 6,,"Nawazuddin Siddiqui, Penélope Cruz",France,"June 1, 2020",2020,TV-Y,1 Season,"Korean TV Shows, TV Dramas",An insightful documentary uncovering the hidden truths behind an extraordinary global phenomenon.
s862,TV Show,Kingdom of Shadows 7,Alejandro G. Iñárritu,"Priyanka Chopra, Aamir Khan, Ryan Gosling, Bae Doona",Germany,"April 12, 2019",2019,TV-MA,1 Season,"Docuseries, Science & Nature TV","When a sudden crisis threatens everything they know, an unlikely group must unite to survive."
s863,Movie,Secrets of the Bayou 8,James Cameron,"Irfan Khan, Scarlett Johansson, Ryan Gosling",Australia,"October 14, 2023",2015,R,109 min,"Comedies, Romantic Movies","A witty and satirical look at modern society, ambition, and the pursuit of artistic success."
s864,Movie,The Northern Light 9,"Pedro Almodóvar, Wes Anderson","Cate Blanchett, Deepika Padukone",Nigeria,"March 7, 2021",2019,TV-14,124 min,"Anime Features, International Movies","A heartwarming story exploring the delicate bonds of family, friendship, and cultural identity."
s865,TV Show,Dark German Mysteries 10,,"Denzel Washington, Scarlett Johansson, Ken Watanabe, Song Kang-ho, Shah Rukh Khan","Japan, United States","December 27, 2021",2021,TV-Y7,1 Season,"Korean TV Shows, TV Dramas",Laughter and romance collide when two polar opposites are forced to collaborate on a dream project.
s866,Movie,Arctic Expedition 11,,,India,"March 27, 2021",2015,PG-13,90 min,"Dramas, Independent Movies",A brilliant detective unravels a complex web of deceit in this high-stakes psychological drama.
s867,Movie,The Last Frontier 12,,"Amitabh Bachchan, Morgan Freeman, Brad Pitt, Ryan Gosling, Mahershala Ali",South Korea,"April 19, 2020",2015,R,96 min,"Documentaries, Sports Movies",Laughter and romance collide when two polar opposites are forced to collaborate on a dream project.
s868,Movie,City Lights at Dawn 13,Steven Spielberg,"Priyanka Chopra, Michael B. Jordan, Tom Hanks",Italy,"October 24, 2018",2015,R,80 min,"Thrillers, International Movies","A heartwarming story exploring the delicate bonds of family, friendship, and cultural identity."
s869,TV Show,Manifest Destiny 14,Hayao Miyazaki,"Shah Rukh Khan, Tom Hanks, Bae Doona","France, Germany","May 12, 2017",2017,NR,3 Seasons,"Kids' TV, TV Comedies",A brilliant detective unravels a complex web of deceit in this high-stakes psychological drama.
s870,Movie,The Phantom Lighthouse,,"Gong Yoo, Aamir Khan",India,"September 6, 2022",2022,TV-MA,92 min,"Documentaries, Sports Movies","Set in a dystopian future, a rebellious visionary fights against an oppressive techno-corporation."
s871,TV Show,Lupin's Gambit 1,,,France,"September 22, 2020",2020,TV-G,1 Season,"Reality TV, Romance TV","A witty and satirical look at modern society, ambition, and the pursuit of artistic success."
s872,Movie,Midnight in Mumbai 2,Taika Waititi,"Song Kang-ho, Mahershala Ali, Bae Doona, Viola Davis, Morgan Freeman",South Korea,,1984,TV-14,110 min,"Children & Family Movies, Comedies","A heartwarming story exploring the delicate bonds of family, friendship, and cultural identity."
s873,TV Show,Delhi Crime Files 3,,"Amitabh Bachchan, Michael B. Jordan, Aamir Khan",,"June 21, 2020",2020,NR,3 Seasons,Stand-Up Comedy & Talk Shows,A visually stunning examination of the natural world and the delicate ecosystems sustaining life.
s874,Movie,The Northern Light 4,,,"United States, United Kingdom","August 22, 2018",2018,TV-14,118 min,"Documentaries, Sports Movies","When a sudden crisis threatens everything they know, an unlikely group must unite to survive."
s875,Movie,The Silent Horizon 5,"Ava DuVernay, Ridley Scott","Emma Stone, Aamir Khan","Australia, United States","February 11, 2022",2020,PG-13,81 min,"Thrillers, International Movies",A brilliant detective unravels a complex web of deceit in this high-stakes psychological drama.
s876,Movie,Crimson Peak Journey 6,Damien Chazelle,,Spain,,2020,TV-MA,121 min,"Independent Movies, Dramas",Dark secrets resurface when a long-forgotten cold case is reopened by ambitious young investigators.
s877,TV Show,Drive to Survive: Season Review 7,,"Amitabh Bachchan, Denzel Washington, Gong Yoo, Leonardo DiCaprio",United States,"November 1, 2021",2021,TV-Y7,1 Season,Stand-Up Comedy & Talk Shows,"A witty and satirical look at modern society, ambition, and the pursuit of artistic success."
s878,Movie,The Clockwork Heart 8,Federico Fellini,"Lee Jung-jae, Aamir Khan, Robert De Niro, Gong Yoo, Penélope Cruz",,"February 26, 2022",2022,PG,131 min,"Horror Movies, Thrillers","A witty and satirical look at modern society, ambition, and the pursuit of artistic success."
s879,TV Show,The Sandman Awakens 9,Lulu Wang,"Michael B. Jordan, Daniel Day-Lewis, Penélope Cruz, Ryan Gosling, Song Kang-ho",United Kingdom,"May 7, 2021",2021,TV-G,2 Seasons,"Spanish-Language TV Shows, TV Dramas",A brilliant detective unravels a complex web of deceit in this high-stakes psychological drama.
s880,Movie,The Last Frontier 10,,"Meryl Streep, Michael B. Jordan, Ken Watanabe, Priyanka Chopra",Australia,"August 1, 2022",2022,,111 min,Stand-Up Comedy,"Set in a dystopian future, a rebellious visionary fights against an oppressive techno-corporation."
s881,Movie,Chronicles of Mars 11,Stanley Kubrick,"Bae Doona, Ryan Gosling, Cate Blanchett, Irfan Khan, Song Kang-ho",Brazil,"June 2, 2020",2015,TV-PG,143 min,"Anime Features, International Movies","In this thrilling sci-fi adventure, intrepid explorers venture beyond known physical limits."
s882,Movie,The Eternal Flame 12,Federico Fellini,"Bae Doona, Cate Blanchett, Scarlett Johansson, Michael B. Jordan, Morgan Freeman",Italy,"December 12, 2018",2018,PG,84 min,"Thrillers, International Movies",A brilliant detective unravels a complex web of deceit in this high-stakes psychological drama.
s883,Movie,Sunset Boulevard Memories 13,Park Chan-wook,"Mahershala Ali, Emma Stone","France, Germany","June 10, 2022",1990,TV-14,74 min,"Thrillers, International Movies",An insightful documentary uncovering the hidden truths behind an extraordinary global phenomenon.
s884,TV Show,Money & Power 14,,"Brad Pitt, Ryan Gosling, Scarlett Johansson, Aamir Khan","France, Germany","May 19, 2020",2018,TV-PG,3 Seasons,"TV Action & Adventure, Sci-Fi & Fantasy","A gripping tale of mystery, betrayal, and redemption set against an evocative urban backdrop."
s885,Movie,The Last Voyage,Spike Lee,,China,"October 22, 2022",2022,NR,62 min,"Independent Movies, Dramas",An insightful documentary uncovering the hidden truths behind an extraordinary global phenomenon.
s886,Movie,The Silent Horizon 1,Jean-Luc Godard,"Scarlett Johansson, Gong Yoo, Robert De Niro",Australia,"November 23, 2020",2003,TV-G,134 min,"Documentaries, Sports Movies","An inspiring true-life account of resilience, courage, and triumph against overwhelming odds."
s887,TV Show,Money Heist: Global 2,,,China,"December 20, 2018",2001,TV-MA,1 Season,Stand-Up Comedy & Talk Shows,A brilliant detective unravels a complex web of deceit in this high-stakes psychological drama.
s888,TV Show,The Queen's Checkmate 3,,"Michael B. Jordan, Aamir Khan, Song Kang-ho, Lupita Nyong'o, Gong Yoo","United Kingdom, United States","February 9, 2019",1982,TV-14,1 Season,"Anime Series, International TV Shows",Laughter and romance collide when two polar opposites are forced to collaborate on a dream project.
s889,Movie,  The Wandering Soul 4  ,Quentin Tarantino,"Amitabh Bachchan, Song Kang-ho, Irfan Khan, Shah Rukh Khan","Australia, United States","May 15, 2019",2018,R,116 min,Music & Musicals,"When a sudden crisis threatens everything they know, an unlikely group must unite to survive."
s890,Movie,Labyrinth of Memories 5,Stanley Kubrick,"Robert De Niro, Mahershala Ali",France,"October 2, 2022",2019,TV-MA,100 min,Music & Musicals,"A witty and satirical look at modern society, ambition, and the pursuit of artistic success."
s891,Movie,Under the Tuscan Stars 6,,"Ryan Gosling, Penélope Cruz",India,"March 6, 2020",2020,TV-14,108 min,Stand-Up Comedy,Laughter and romance collide when two polar opposites are forced to collaborate on a dream project.
s892,Movie,Secrets of the Serengeti 7,Wes Anderson,"Tom Hanks, Marion Cotillard, Leonardo DiCaprio",France,"April 1, 2019",2016,TV-14,77 min,Stand-Up Comedy,A visually stunning examination of the natural world and the delicate ecosystems sustaining life.
s893,TV Show,Ozark Waters 8,,"Deepika Padukone, Leonardo DiCaprio, Bae Doona, Nawazuddin Siddiqui, Tom Hanks","France, Germany","December 2, 2020",2020,TV-14,1 Season,"TV Comedies, Romantic TV Shows","In this thrilling sci-fi adventure, intrepid explorers venture beyond known physical limits."
s894,Movie,The Architect of Dreams 9,Martin Scorsese,"Robert De Niro, Morgan Freeman, Emma Stone","India, United States","August 23, 2017",1980,PG,155 min,"Children & Family Movies, Comedies","A gripping tale of mystery, betrayal, and redemption set against an evocative urban backdrop."
s895,Movie,Island of Dreams 10,Satyajit Ray,"Gong Yoo, Ken Watanabe",Spain,"January 13, 2020",2017,NR,104 min,"Action & Adventure, Comedies",A visually stunning examination of the natural world and the delicate ecosystems sustaining life.
s896,Movie,The Forgotten Kingdom 11,,"Amitabh Bachchan, Tom Hanks",India,"July 13, 2021",2011,TV-14,104 min,"Dramas, Independent Movies","Set in a dystopian future, a rebellious visionary fights against an oppressive techno-corporation."
s897,Movie,The Hidden Fortress of Kyoto 12,Jean-Luc Godard,"Amitabh Bachchan, Christian Bale",United Kingdom,"April 23, 2016",2007,G,117 min,"Documentaries, Sports Movies",Dark secrets resurface when a long-forgotten cold case is reopened by ambitious young investigators.
s898,Movie,The Quantum Paradox 13,"Zoya Akhtar, Anurag Kashyap","Tom Hanks, Michael B. Jordan, Christian Bale","France, Germany","October 11, 2020",2020,TV-MA,112 min,"Horror Movies, Thrillers","When a sudden crisis threatens everything they know, an unlikely group must unite to survive."
s899,Movie,Wings of Steel 14,Jordan Peele,"Amitabh Bachchan, Shah Rukh Khan, Meryl Streep, Deepika Padukone, Emma Stone",Canada,"November 26, 2021",2021,G,106 min,"Action & Adventure, Comedies","In this thrilling sci-fi adventure, intrepid explorers venture beyond known physical limits."
s900,TV Show,Stranger Encounters,,"Emma Stone, Ryan Gosling, Bae Doona",United States,"January 9, 2022",2022,TV-MA,3 Seasons,"Korean TV Shows, TV Dramas","A witty and satirical look at modern society, ambition, and the pursuit of artistic success."
s901,Movie,The Celestial Sphere 1,,"Song Kang-ho, Bae Doona, Ken Watanabe, Viola Davis",Japan,"October 24, 2018",2018,PG,84 min,"Horror Movies, Thrillers",A visually stunning examination of the natural world and the delicate ecosystems sustaining life.
s902,TV Show,Bridgerton Society 2,Martin Scorsese,"Michael B. Jordan, Cate Blanchett, Tom Hanks, Morgan Freeman, Meryl Streep","India, United States","October 10, 2018",2017,NR,4 Seasons,"Docuseries, Science & Nature TV","In this thrilling sci-fi adventure, intrepid explorers venture beyond known physical limits."
s903,Movie,The Obsidian Tower 3,Stanley Kubrick,"Lee Jung-jae, Tom Hanks, Irfan Khan","France, Germany","July 13, 2017",2017,NR,112 min,"Dramas, International Movies","A witty and satirical look at modern society, ambition, and the pursuit of artistic success."
s904,Movie,Arctic Expedition 4,,,India,"February 27, 2018",2018,PG,143 min,"Comedies, Romantic Movies","A heartwarming story exploring the delicate bonds of family, friendship, and cultural identity."
s905,Movie,Ghosts of the Metropolis 5,Guillermo del Toro,"Nawazuddin Siddiqui, Irfan Khan, Ken Watanabe",Australia,"September 11, 2017",2009,G,131 min,"Children & Family Movies, Comedies",An insightful documentary uncovering the hidden truths behind an extraordinary global phenomenon.
s906,TV Show,Formula 1: Speed 6,,"Ken Watanabe, Bae Doona, Gong Yoo",Mexico,"May 28, 2022",2021,TV-G,1 Season,"Docuseries, Science & Nature TV",Dark secrets resurface when a long-forgotten cold case is reopened by ambitious young investigators.
s907,Movie,The Emerald Isle 7,,"Tom Hanks, Amitabh Bachchan, Brad Pitt, Song Kang-ho, Meryl Streep",United Kingdom,"September 7, 2020",2017,TV-G,137 min,"Classic Movies, Dramas","An inspiring true-life account of resilience, courage, and triumph against overwhelming odds."
s908,TV Show,Ozark Waters 8,,"Tom Hanks, Irfan Khan, Joaquin Phoenix, Christian Bale, Shah Rukh Khan",South Korea,"April 14, 2016",2015,TV-G,2 Seasons,Stand-Up Comedy & Talk Shows,"A gripping tale of mystery, betrayal, and redemption set against an evocative urban backdrop."
s909,Movie,The Clockwork Heart 9,James Cameron,"Christian Bale, Leonardo DiCaprio, Mahershala Ali",Mexico,,2014,PG,90 min,"Dramas, Independent Movies",Laughter and romance collide when two polar opposites are forced to collaborate on a dream project.
s910,Movie,The Last Voyage 10,Quentin Tarantino,,"South Korea, United States","April 28, 2022",2022,R,80 min,"Dramas, Independent Movies","Set in a dystopian future, a rebellious visionary fights against an oppressive techno-corporation."
s911,Movie,  Mirage in the Desert 11  ,,"Lupita Nyong'o, Scarlett Johansson","United Kingdom, United States","July 15, 2018",1992,TV-14,99 min,"Documentaries, Sports Movies","When a sudden crisis threatens everything they know, an unlikely group must unite to survive."
s912,Movie,Parallel Realities 12,James Cameron,"Christian Bale, Marion Cotillard, Michael B. Jordan",Nigeria,"June 23, 2023",2016,PG-13,103 min,Stand-Up Comedy,A visually stunning examination of the natural world and the delicate ecosystems sustaining life.
s913,Movie,The Last Frontier 13,Damien Chazelle,"Leonardo DiCaprio, Christian Bale, Joaquin Phoenix",United Kingdom,"July 4, 2023",2022,TV-MA,126 min,"Thrillers, International Movies","An inspiring true-life account of resilience, courage, and triumph against overwhelming odds."
s914,TV Show,Love is Blind Society 14,,"Ken Watanabe, Amitabh Bachchan, Meryl Streep, Tom Hanks",Italy,"March 20, 2022",2021,TV-MA,1 Season,"Reality TV, Romance TV","In this thrilling sci-fi adventure, intrepid explorers venture beyond known physical limits."
s915,Movie,The Copper Basin,Alejandro G. Iñárritu,"Nawazuddin Siddiqui, Leonardo DiCaprio, Bae Doona, Ryan Gosling","India, United States","March 25, 2023",2004,TV-14,64 min,"Comedies, Romantic Movies",A visually stunning examination of the natural world and the delicate ecosystems sustaining life.
s916,Movie,Shadows of the Valley 1,Satyajit Ray,"Viola Davis, Michael B. Jordan, Emma Stone, Aamir Khan, Joaquin Phoenix",,"July 15, 2019",2019,NR,135 min,Music & Musicals,A brilliant detective unravels a complex web of deceit in this high-stakes psychological drama.
s917,TV Show,Vikings: Valhalla Journey 2,"Ava DuVernay, Anurag Kashyap","Viola Davis, Emma Stone","France, Germany","June 6, 2021",2021,TV-MA,1 Season,"TV Comedies, Romantic TV Shows",A visually stunning examination of the natural world and the delicate ecosystems sustaining life.
s918,Movie,The Deep Blue 3,"Ridley Scott, S. S. Rajamouli","Michael B. Jordan, Christian Bale, Marion Cotillard, Leonardo DiCaprio","United Kingdom, United States","June 16, 2018",2018,NR,98 min,Documentaries,"An inspiring true-life account of resilience, courage, and triumph against overwhelming odds."
s919,Movie,Legends of the Amazon 4,Akira Kurosawa,"Leonardo DiCaprio, Tom Hanks, Bae Doona",United States,"November 12, 2018",2018,G,92 min,"Comedies, Romantic Movies","An inspiring true-life account of resilience, courage, and triumph against overwhelming odds."
s920,TV Show,Manifest Destiny 5,,,Brazil,"October 7, 2020",2016,TV-G,3 Seasons,"TV Action & Adventure, Sci-Fi & Fantasy",Laughter and romance collide when two polar opposites are forced to collaborate on a dream project.
s921,Movie,Echoes of Freedom 6,Martin Scorsese,"Shah Rukh Khan, Irfan Khan, Robert De Niro, Meryl Streep, Scarlett Johansson",South Korea,"April 9, 2016",2016,TV-14,79 min,"Action & Adventure, Sci-Fi & Fantasy","An inspiring true-life account of resilience, courage, and triumph against overwhelming odds."
s922,Movie,Tales of the Outback 7,,"Aamir Khan, Deepika Padukone, Shah Rukh Khan, Ryan Gosling, Robert De Niro",France,"August 5, 2022",2020,PG,65 min,"Action & Adventure, Sci-Fi & Fantasy","A heartwarming story exploring the delicate bonds of family, friendship, and cultural identity."
s923,Movie,A Journey Through Time 8,,"Bae Doona, Meryl Streep, Viola Davis, Ken Watanabe",Italy,"June 20, 2021",2019,PG,120 min,"Comedies, Romantic Movies","In this thrilling sci-fi adventure, intrepid explorers venture beyond known physical limits."
s924,Movie,The Hidden Code 9,Anurag Kashyap,"Penélope Cruz, Christian Bale, Shah Rukh Khan, Denzel Washington",,"February 28, 2018",2017,TV-G,103 min,Documentaries,"A witty and satirical look at modern society, ambition, and the pursuit of artistic success."
s925,TV Show,Outer Banks Odyssey 10,,"Michael B. Jordan, Mahershala Ali, Shah Rukh Khan","Japan, United States","December 28, 2020",2020,TV-Y,1 Season,"Anime Series, International TV Shows","An inspiring true-life account of resilience, courage, and triumph against overwhelming odds."
s926,Movie,Secrets of the Serengeti 11,Quentin Tarantino,"Viola Davis, Bae Doona",Spain,"June 25, 2020",2020,NR,73 min,"Anime Features, International Movies",Dark secrets resurface when a long-forgotten cold case is reopened by ambitious young investigators.
s927,Movie,Sunset Boulevard Memories 12,,"Song Kang-ho, Viola Davis, Emma Stone, Penélope Cruz, Robert De Niro","United States, United Kingdom","April 4, 2019",2015,TV-MA,73 min,"Anime Features, International Movies","In this thrilling sci-fi adventure, intrepid explorers venture beyond known physical limits."
s928,Movie,The Iron Fortress 13,Steven Spielberg,"Brad Pitt, Michael B. Jordan, Amitabh Bachchan","United States, United Kingdom","March 11, 2022",2019,TV-MA,94 min,"Horror Movies, Thrillers",Dark secrets resurface when a long-forgotten cold case is reopened by ambitious young investigators.
s929,Movie,The Last Voyage 14,,"Gong Yoo, Denzel Washington, Christian Bale",Canada,"May 9, 2022",2022,TV-G,138 min,"Horror Movies, Thrillers",Dark secrets resurface when a long-forgotten cold case is reopened by ambitious young investigators.
s930,Movie,  The Glass Palace  ,"Park Chan-wook, Spike Lee","Morgan Freeman, Viola Davis, Priyanka Chopra, Nawazuddin Siddiqui, Lupita Nyong'o",,"February 2, 2016",2015,TV-G,96 min,Documentaries,"An inspiring true-life account of resilience, courage, and triumph against overwhelming odds."
s931,TV Show,Sacred Games of Bombay 1,Wes Anderson,,"France, Germany","March 21, 2020",2019,TV-Y,2 Seasons,"TV Action & Adventure, Sci-Fi & Fantasy","An inspiring true-life account of resilience, courage, and triumph against overwhelming odds."
s932,TV Show,Too Hot to Touch 2,,"Bae Doona, Shah Rukh Khan, Deepika Padukone, Ken Watanabe","South Korea, United States","October 2, 2017",2017,TV-G,1 Season,Stand-Up Comedy & Talk Shows,"Set in a dystopian future, a rebellious visionary fights against an oppressive techno-corporation."
s933,TV Show,Delhi Crime Files 3,,,"United States, Canada","August 1, 2022",2022,TV-Y,1 Season,"TV Action & Adventure, Sci-Fi & Fantasy",A brilliant detective unravels a complex web of deceit in this high-stakes psychological drama.
s934,TV Show,Babylon Berlin Nights 4,Wes Anderson,"Christian Bale, Cate Blanchett, Amitabh Bachchan, Penélope Cruz, Meryl Streep","United States, Canada","February 19, 2021",2021,TV-Y7,3 Seasons,"Crime TV Shows, Docuseries",An insightful documentary uncovering the hidden truths behind an extraordinary global phenomenon.
s935,Movie,The Silent Horizon 5,"Wes Anderson, Bong Joon-ho","Deepika Padukone, Mahershala Ali",China,"February 21, 2021",2003,NR,68 min,"Classic Movies, Dramas","A gripping tale of mystery, betrayal, and redemption set against an evocative urban backdrop."
s936,Movie,Legends of the Amazon 6,,"Song Kang-ho, Morgan Freeman, Aamir Khan, Meryl Streep",Canada,"January 8, 2018",2018,TV-G,96 min,"Children & Family Movies, Comedies","A heartwarming story exploring the delicate bonds of family, friendship, and cultural identity."
s937,Movie,Iron Will 7,,"Mahershala Ali, Christian Bale","South Korea, United States","January 5, 2021",2019,R,96 min,Stand-Up Comedy,"When a sudden crisis threatens everything they know, an unlikely group must unite to survive."
s938,TV Show,Babylon Berlin Nights 8,Ava DuVernay,"Bae Doona, Cate Blanchett, Penélope Cruz","United States, Canada","April 12, 2021",2021,TV-G,1 Season,"Anime Series, International TV Shows","Set in a dystopian future, a rebellious visionary fights against an oppressive techno-corporation."
s939,TV Show,Rotten Truths 9,Damien Chazelle,"Bae Doona, Daniel Day-Lewis, Cate Blanchett, Lupita Nyong'o",Italy,"June 12, 2022",2022,TV-Y7,1 Season,"Docuseries, Science & Nature TV","A witty and satirical look at modern society, ambition, and the pursuit of artistic success."
s940,Movie,Dancing in the Rain 10,Ridley Scott,"Irfan Khan, Priyanka Chopra, Leonardo DiCaprio",Germany,"May 9, 2022",2016,G,50 min,"Comedies, Romantic Movies","A gripping tale of mystery, betrayal, and redemption set against an evocative urban backdrop."
s941,Movie,The Golden Mirage 11,Hayao Miyazaki,"Irfan Khan, Viola Davis, Robert De Niro, Deepika Padukone",India,,2015,G,100 min,Documentaries,Laughter and romance collide when two polar opposites are forced to collaborate on a dream project.
s942,TV Show,Mirzapur Chronicles 12,,"Lee Jung-jae, Scarlett Johansson, Marion Cotillard, Mahershala Ali",United States,"August 13, 2022",2015,TV-G,3 Seasons,"Spanish-Language TV Shows, TV Dramas",Dark secrets resurface when a long-forgotten cold case is reopened by ambitious young investigators.
s943,Movie,Crimson Peak Journey 13,S. S. Rajamouli,"Joaquin Phoenix, Mahershala Ali, Michael B. Jordan, Scarlett Johansson, Daniel Day-Lewis",Mexico,"August 4, 2022",2022,PG-13,96 min,Music & Musicals,Laughter and romance collide when two polar opposites are forced to collaborate on a dream project.
s944,TV Show,Ozark Waters 14,S. S. Rajamouli,"Song Kang-ho, Ryan Gosling","India, United States","April 18, 2023",2016,TV-PG,5 Seasons,"Kids' TV, TV Comedies",Dark secrets resurface when a long-forgotten cold case is reopened by ambitious young investigators.
s945,Movie,Echoes of Freedom,"Taika Waititi, Bong Joon-ho","Leonardo DiCaprio, Scarlett Johansson",Brazil,"March 18, 2021",2021,TV-14,117 min,"Documentaries, Sports Movies","A heartwarming story exploring the delicate bonds of family, friendship, and cultural identity."
s946,TV Show,The Witcher's Tale 1,,"Cate Blanchett, Robert De Niro, Michael B. Jordan",France,"January 2, 2019",2019,TV-Y,3 Seasons,"TV Action & Adventure, Sci-Fi & Fantasy","When a sudden crisis threatens everything they know, an unlikely group must unite to survive."
s947,Movie,Visions of Tomorrow 2,David Fincher,,"France, Germany","May 18, 2018",2017,NR,142 min,"Horror Movies, Thrillers","A heartwarming story exploring the delicate bonds of family, friendship, and cultural identity."
s948,TV Show,Mirzapur Chronicles 3,Ridley Scott,"Ken Watanabe, Ryan Gosling",Japan,"March 14, 2019",2019,TV-Y,1 Season,"Kids' TV, TV Comedies",An insightful documentary uncovering the hidden truths behind an extraordinary global phenomenon.
s949,Movie,  Vanguard of Peace 4  ,"Christopher Nolan, Greta Gerwig","Shah Rukh Khan, Denzel Washington, Tom Hanks, Robert De Niro, Lupita Nyong'o",Germany,"February 19, 2021",2021,NR,126 min,"Independent Movies, Dramas","A gripping tale of mystery, betrayal, and redemption set against an evocative urban backdrop."
s950,Movie,Symphony of Lights 5,"Zoya Akhtar, Jordan Peele","Meryl Streep, Lee Jung-jae",Nigeria,"March 6, 2023",2015,G,96 min,"Independent Movies, Dramas","A gripping tale of mystery, betrayal, and redemption set against an evocative urban backdrop."
s951,Movie,The Quantum Paradox 6,Ridley Scott,,Spain,"February 16, 2022",2019,TV-MA,77 min,"Horror Movies, Thrillers","A gripping tale of mystery, betrayal, and redemption set against an evocative urban backdrop."
s952,Movie,The Ancient Secret 7,,"Ryan Gosling, Emma Stone, Morgan Freeman",France,"March 11, 2021",2021,TV-14,158 min,"Documentaries, Sports Movies","When a sudden crisis threatens everything they know, an unlikely group must unite to survive."
s953,TV Show,Descendants of Honor 8,,,"Australia, United States","July 20, 2018",1995,TV-Y7,1 Season,"Anime Series, International TV Shows",A brilliant detective unravels a complex web of deceit in this high-stakes psychological drama.
s954,TV Show,Dead to Me Truths 9,,"Meryl Streep, Morgan Freeman, Joaquin Phoenix, Michael B. Jordan",Brazil,"July 2, 2020",2020,TV-G,1 Season,"British TV Shows, Docuseries","An inspiring true-life account of resilience, courage, and triumph against overwhelming odds."
s955,Movie,Rivers of Gold 10,Anurag Kashyap,"Viola Davis, Gong Yoo, Nawazuddin Siddiqui, Irfan Khan, Morgan Freeman",Italy,"May 15, 2020",1996,R,103 min,"Horror Movies, Thrillers","A witty and satirical look at modern society, ambition, and the pursuit of artistic success."
s956,Movie,The Copper Basin 11,,,"India, United States","January 2, 2021",2021,NR,102 min,"Dramas, Independent Movies","In this thrilling sci-fi adventure, intrepid explorers venture beyond known physical limits."
s957,TV Show,The Great British Bake 12,,"Marion Cotillard, Joaquin Phoenix, Nawazuddin Siddiqui, Bae Doona",India,"October 17, 2019",2016,TV-14,1 Season,"International TV Shows, TV Dramas, TV Mysteries","A heartwarming story exploring the delicate bonds of family, friendship, and cultural identity."
s958,Movie,Legends of the Amazon 13,Greta Gerwig,"Lupita Nyong'o, Leonardo DiCaprio, Penélope Cruz, Denzel Washington",,"May 24, 2021",2021,R,101 min,"Independent Movies, Dramas","When a sudden crisis threatens everything they know, an unlikely group must unite to survive."
s959,Movie,The Mystic River 14,Denis Villeneuve,"Aamir Khan, Leonardo DiCaprio",,"April 5, 2018",1992,TV-G,106 min,"Anime Features, International Movies","An inspiring true-life account of resilience, courage, and triumph against overwhelming odds."
s960,TV Show,Arcane Legends,,"Priyanka Chopra, Leonardo DiCaprio","Australia, United States","August 9, 2022",2016,TV-MA,4 Seasons,"Korean TV Shows, TV Dramas","Set in a dystopian future, a rebellious visionary fights against an oppressive techno-corporation."
s961,Movie,Rivers of Gold 1,,,Nigeria,"June 3, 2017",2016,TV-PG,98 min,"Anime Features, International Movies",An insightful documentary uncovering the hidden truths behind an extraordinary global phenomenon.
s962,Movie,Edge of the Horizon 2,Martin Scorsese,"Leonardo DiCaprio, Brad Pitt, Deepika Padukone, Penélope Cruz",Germany,"August 11, 2021",2021,TV-14,89 min,"Children & Family Movies, Comedies","An inspiring true-life account of resilience, courage, and triumph against overwhelming odds."
s963,Movie,Tides of Fortune 3,"Quentin Tarantino, Bong Joon-ho",,"Spain, France","December 17, 2017",2017,R,89 min,"Classic Movies, Dramas",A visually stunning examination of the natural world and the delicate ecosystems sustaining life.
s964,TV Show,Stranger Encounters 4,,"Robert De Niro, Michael B. Jordan, Brad Pitt","South Korea, United States","April 26, 2023",2017,TV-14,1 Season,"TV Comedies, Romantic TV Shows","In this thrilling sci-fi adventure, intrepid explorers venture beyond known physical limits."
s965,Movie,The Silent Horizon 5,,"Morgan Freeman, Lupita Nyong'o",Canada,"November 11, 2018",2016,G,101 min,"Comedies, Romantic Movies","A gripping tale of mystery, betrayal, and redemption set against an evocative urban backdrop."
s966,Movie,The Wandering Soul 6,,"Denzel Washington, Cate Blanchett",Germany,"January 3, 2022",2022,PG,90 min,Documentaries,"A heartwarming story exploring the delicate bonds of family, friendship, and cultural identity."
s967,TV Show,The Great British Bake 7,,"Meryl Streep, Viola Davis, Deepika Padukone",,"April 27, 2021",2021,NR,1 Season,"Docuseries, Science & Nature TV",Dark secrets resurface when a long-forgotten cold case is reopened by ambitious young investigators.
s968,TV Show,Love is Blind Society 8,,"Irfan Khan, Marion Cotillard, Ryan Gosling, Priyanka Chopra, Meryl Streep",United Kingdom,"August 24, 2021",2015,TV-14,5 Seasons,"TV Action & Adventure, Sci-Fi & Fantasy",A visually stunning examination of the natural world and the delicate ecosystems sustaining life.
s969,Movie,The Celestial Sphere 9,Zoya Akhtar,"Shah Rukh Khan, Mahershala Ali, Christian Bale",France,"August 1, 2022",1985,G,86 min,"Dramas, Independent Movies",A brilliant detective unravels a complex web of deceit in this high-stakes psychological drama.
s970,TV Show,  Goblin's Curse 10  ,,"Bae Doona, Irfan Khan",Nigeria,"August 15, 2020",2019,TV-Y,1 Season,"Kids' TV, TV Comedies",A brilliant detective unravels a complex web of deceit in this high-stakes psychological drama.
s971,Movie,The Secret Alchemist 11,Lulu Wang,"Morgan Freeman, Daniel Day-Lewis, Mahershala Ali",South Korea,"December 25, 2022",2019,TV-MA,104 min,"Action & Adventure, Sci-Fi & Fantasy","When a sudden crisis threatens everything they know, an unlikely group must unite to survive."
s972,Movie,Breeze of the Himalayas 12,Wes Anderson,"Meryl Streep, Aamir Khan, Joaquin Phoenix","Spain, France","April 18, 2023",1983,TV-G,96 min,Documentaries,"A gripping tale of mystery, betrayal, and redemption set against an evocative urban backdrop."
s973,Movie,Rhythms of Havana 13,,"Amitabh Bachchan, Brad Pitt, Joaquin Phoenix, Irfan Khan",Italy,"February 27, 2021",2015,TV-MA,135 min,"Action & Adventure, Sci-Fi & Fantasy",A brilliant detective unravels a complex web of deceit in this high-stakes psychological drama.
s974,Movie,The Silver Lining 14,,"Meryl Streep, Scarlett Johansson, Aamir Khan",,"April 16, 2021",2021,NR,50 min,Stand-Up Comedy,"A gripping tale of mystery, betrayal, and redemption set against an evocative urban backdrop."
s975,Movie,Starlight Symphony,Jean-Luc Godard,"Cate Blanchett, Joaquin Phoenix",,"February 8, 2023",2019,TV-MA,126 min,"Independent Movies, Dramas",A visually stunning examination of the natural world and the delicate ecosystems sustaining life.
s976,Movie,The Last Frontier 1,"Ava DuVernay, Greta Gerwig","Denzel Washington, Viola Davis, Christian Bale, Emma Stone","Spain, France","January 21, 2021",2020,TV-G,129 min,"Thrillers, International Movies","In this thrilling sci-fi adventure, intrepid explorers venture beyond known physical limits."
s977,Movie,Iron Will 2,,"Leonardo DiCaprio, Gong Yoo, Morgan Freeman, Lee Jung-jae, Denzel Washington",Nigeria,"July 1, 2021",2021,TV-G,56 min,"Action & Adventure, Comedies","A heartwarming story exploring the delicate bonds of family, friendship, and cultural identity."
s978,Movie,The Iron Fortress 3,Ava DuVernay,"Scarlett Johansson, Song Kang-ho, Ken Watanabe, Lupita Nyong'o, Marion Cotillard",,"March 26, 2016",2001,NR,94 min,"Thrillers, International Movies",A brilliant detective unravels a complex web of deceit in this high-stakes psychological drama.
s979,TV Show,Money Heist: Global 4,,"Song Kang-ho, Morgan Freeman, Penélope Cruz, Aamir Khan",Japan,"July 20, 2016",2009,TV-PG,3 Seasons,"TV Action & Adventure, Sci-Fi & Fantasy",Laughter and romance collide when two polar opposites are forced to collaborate on a dream project.
s980,Movie,The Mountain's Call 5,Federico Fellini,"Daniel Day-Lewis, Deepika Padukone",France,"July 10, 2017",2015,PG-13,93 min,"Horror Movies, Thrillers","A gripping tale of mystery, betrayal, and redemption set against an evocative urban backdrop."
s981,Movie,Chronicles of the Wind 6,Wes Anderson,"Scarlett Johansson, Marion Cotillard, Morgan Freeman",Australia,"January 10, 2018",2018,TV-MA,71 min,"Action & Adventure, Comedies","A gripping tale of mystery, betrayal, and redemption set against an evocative urban backdrop."
s982,Movie,Velvet Dreams 7,,"Gong Yoo, Deepika Padukone, Priyanka Chopra, Emma Stone, Aamir Khan",Germany,"May 18, 2020",2020,,84 min,"Dramas, International Movies","When a sudden crisis threatens everything they know, an unlikely group must unite to survive."
s983,Movie,Wings of Steel 8,Greta Gerwig,"Scarlett Johansson, Mahershala Ali, Gong Yoo, Daniel Day-Lewis, Lupita Nyong'o",Canada,"August 11, 2023",2016,TV-PG,77 min,"Documentaries, Sports Movies","An inspiring true-life account of resilience, courage, and triumph against overwhelming odds."
s984,Movie,The Alabaster Box 9,,"Lee Jung-jae, Shah Rukh Khan",Italy,"July 25, 2020",2019,TV-14,140 min,Stand-Up Comedy,A visually stunning examination of the natural world and the delicate ecosystems sustaining life.
s985,Movie,Digital Nomads 10,"Hayao Miyazaki, Quentin Tarantino","Scarlett Johansson, Deepika Padukone, Priyanka Chopra, Viola Davis, Gong Yoo","Spain, France","April 4, 2016",2011,R,122 min,"Classic Movies, Dramas","A gripping tale of mystery, betrayal, and redemption set against an evocative urban backdrop."
s986,TV Show,Money & Power 11,Alejandro G. Iñárritu,"Priyanka Chopra, Denzel Washington, Shah Rukh Khan",Mexico,"March 15, 2022",2021,TV-PG,8 Seasons,"Reality TV, Romance TV",Laughter and romance collide when two polar opposites are forced to collaborate on a dream project.
s987,Movie,Labyrinth of Memories 12,Hayao Miyazaki,"Penélope Cruz, Lupita Nyong'o","United Kingdom, United States","June 20, 2018",2006,G,129 min,"Anime Features, International Movies","Set in a dystopian future, a rebellious visionary fights against an oppressive techno-corporation."
s988,Movie,The Ancient Secret 13,Taika Waititi,"Marion Cotillard, Amitabh Bachchan, Denzel Washington, Lupita Nyong'o, Deepika Padukone",Spain,"August 7, 2018",2015,TV-PG,117 min,"Independent Movies, Dramas",A visually stunning examination of the natural world and the delicate ecosystems sustaining life.
s989,Movie,The Silent Horizon 14,Alejandro G. Iñárritu,"Gong Yoo, Lee Jung-jae",Mexico,"February 19, 2022",2017,NR,77 min,"Children & Family Movies, Comedies","A heartwarming story exploring the delicate bonds of family, friendship, and cultural identity."
s990,Movie,Tides of Fortune,"Hayao Miyazaki, Ridley Scott",,"Spain, France","February 27, 2017",2016,TV-G,90 min,Stand-Up Comedy,"An inspiring true-life account of resilience, courage, and triumph against overwhelming odds."
s991,Movie,The Phantom Lighthouse 1,,"Deepika Padukone, Scarlett Johansson, Emma Stone","United Kingdom, United States","June 6, 2018",2018,PG-13,112 min,Documentaries,"An inspiring true-life account of resilience, courage, and triumph against overwhelming odds."
s992,Movie,Beyond the Infinite 2,Christopher Nolan,,Spain,"August 27, 2021",2021,PG-13,75 min,"Action & Adventure, Comedies","When a sudden crisis threatens everything they know, an unlikely group must unite to survive."
s993,TV Show,Rotten Truths 3,,"Aamir Khan, Song Kang-ho",India,"October 7, 2020",1981,TV-Y7,1 Season,"TV Action & Adventure, Sci-Fi & Fantasy",Laughter and romance collide when two polar opposites are forced to collaborate on a dream project.
s994,TV Show,Mirzapur Chronicles 4,S. S. Rajamouli,"Daniel Day-Lewis, Leonardo DiCaprio, Marion Cotillard, Robert De Niro, Aamir Khan",Mexico,"October 24, 2021",2017,TV-PG,1 Season,"Korean TV Shows, TV Dramas","In this thrilling sci-fi adventure, intrepid explorers venture beyond known physical limits."
s995,Movie,Sunset Boulevard Memories 5,Zoya Akhtar,"Shah Rukh Khan, Scarlett Johansson",Germany,"October 27, 2020",2015,G,117 min,"Anime Features, International Movies",Laughter and romance collide when two polar opposites are forced to collaborate on a dream project.
s996,Movie,Chasing Tomorrow 6,Park Chan-wook,"Ken Watanabe, Viola Davis, Deepika Padukone",,"January 14, 2021",2021,G,96 min,"Action & Adventure, Comedies","A gripping tale of mystery, betrayal, and redemption set against an evocative urban backdrop."
s997,Movie,Secrets of the Bayou 7,"Wes Anderson, Steven Spielberg","Deepika Padukone, Ryan Gosling",Germany,"September 19, 2020",2019,PG,93 min,"Dramas, Independent Movies","A heartwarming story exploring the delicate bonds of family, friendship, and cultural identity."
s998,Movie,Mirage in the Desert 8,,"Michael B. Jordan, Brad Pitt, Robert De Niro",Brazil,"February 20, 2016",1991,TV-PG,117 min,"Children & Family Movies, Comedies",A brilliant detective unravels a complex web of deceit in this high-stakes psychological drama.
s999,Movie,Chronicles of the Lost City 9,,"Penélope Cruz, Song Kang-ho, Daniel Day-Lewis, Shah Rukh Khan",Germany,"March 1, 2022",2017,NR,111 min,Music & Musicals,"In this thrilling sci-fi adventure, intrepid explorers venture beyond known physical limits."
s1000,TV Show,Babylon Berlin Nights 10,,"Denzel Washington, Bae Doona, Lupita Nyong'o",Italy,"February 5, 2017",2017,TV-14,1 Season,"Reality TV, Romance TV",An insightful documentary uncovering the hidden truths behind an extraordinary global phenomenon.
s1,Movie,Beyond the Infinite 1,Alfonso Cuarón,"Nawazuddin Siddiqui, Robert De Niro",,"December 21, 2019",2015,TV-G,112 min,"Independent Movies, Dramas",An insightful documentary uncovering the hidden truths behind an extraordinary global phenomenon.
s21,Movie,Beyond the Infinite 6,,"Lee Jung-jae, Irfan Khan","India, United States","July 8, 2023",2021,TV-MA,91 min,"Documentaries, Sports Movies",Laughter and romance collide when two polar opposites are forced to collaborate on a dream project.
s41,Movie,The Art of Escape 11,Satyajit Ray,"Daniel Day-Lewis, Priyanka Chopra, Marion Cotillard",China,"July 22, 2022",2022,PG,104 min,"Horror Movies, Thrillers","A gripping tale of mystery, betrayal, and redemption set against an evocative urban backdrop."
s61,TV Show,The Great British Bake 1,,"Mahershala Ali, Tom Hanks, Bae Doona, Brad Pitt, Gong Yoo",Australia,"May 15, 2017",2005,NR,1 Season,"Spanish-Language TV Shows, TV Dramas","When a sudden crisis threatens everything they know, an unlikely group must unite to survive."
s81,TV Show,Manifest Destiny 6,"Damien Chazelle, Bong Joon-ho","Scarlett Johansson, Joaquin Phoenix, Bae Doona, Daniel Day-Lewis, Tom Hanks",Australia,"March 27, 2019",1993,TV-PG,1 Season,"TV Comedies, Romantic TV Shows",A visually stunning examination of the natural world and the delicate ecosystems sustaining life.
